mtllib ZN3SX4QMTW4QROPJVYSQO58FU.mtl
v 0.515645 0.358873 0.899150
v 0.599808 0.360175 0.909601
v 0.515645 0.369679 0.902883
v 0.599808 0.369289 0.912587
v 0.517256 0.392984 0.894672
v 0.600210 0.392593 0.904376
v 0.521283 0.525649 0.896164
v 0.602626 0.525779 0.904376
v 0.523296 0.541142 0.888700
v 0.602626 0.541272 0.896164
v 0.603432 0.619257 0.891686
v 0.683165 0.541142 0.885714
v 0.683165 0.618997 0.881235
v 0.758870 0.618736 0.853614
v 0.684373 0.369028 0.903629
v 0.682762 0.392333 0.895418
v 0.684373 0.525649 0.893178
v 0.764508 0.368768 0.875263
v 0.761689 0.392202 0.867051
v 0.762897 0.525389 0.865558
v 0.759676 0.540882 0.858093
v 0.827730 0.540751 0.813304
v 0.826522 0.618606 0.808825
v 0.880886 0.618867 0.748359
v 0.832563 0.525259 0.820022
v 0.832563 0.392072 0.822262
v 0.836992 0.368638 0.829727
v 0.763703 0.359394 0.872277
v 0.835382 0.357962 0.826741
v 0.893772 0.359915 0.763289
v 0.894980 0.368508 0.766275
v 0.889342 0.391942 0.760303
v 0.888537 0.525389 0.757317
v 0.882496 0.540882 0.752838
v 0.918739 0.541402 0.675950
v 0.916322 0.619648 0.671471
v 0.932430 0.620299 0.578906
v 0.926390 0.525910 0.678935
v 0.927598 0.392072 0.681175
v 0.934041 0.368638 0.685654
v 0.932430 0.359524 0.683414
v 0.948940 0.360045 0.586371
v 0.950954 0.369028 0.588610
v 0.944108 0.392593 0.585624
v 0.942095 0.526561 0.584131
v 0.934041 0.542053 0.582638
v 0.928806 0.542704 0.473650
v 0.927195 0.620819 0.471411
v 0.911893 0.620950 0.357944
v 0.943303 0.359134 0.475890
v 0.945316 0.369419 0.477383
v 0.938068 0.393114 0.475890
v 0.936860 0.527212 0.473650
v 0.927598 0.359134 0.360930
v 0.929208 0.369810 0.361677
v 0.921960 0.393635 0.361677
v 0.920752 0.527472 0.359437
v 0.909477 0.393895 0.251196
v 0.907866 0.527472 0.250449
v 0.904644 0.527342 0.140715
v 0.899812 0.542965 0.250449
v 0.896591 0.542965 0.140715
v 0.895785 0.620950 0.139969
v 0.904644 0.542834 0.027248
v 0.903034 0.620819 0.027248
v 0.916322 0.620689 -0.085472
v 0.898201 0.620950 0.249703
v 0.913101 0.542965 0.360184
v 0.916322 0.369940 0.251942
v 0.912295 0.369940 0.142955
v 0.910685 0.359134 0.142208
v 0.918336 0.360045 0.030234
v 0.914712 0.359785 0.251196
v 0.524505 0.619127 0.883474
v 0.447993 0.619387 0.857347
v 0.523296 0.541142 0.888700
v 0.446383 0.541402 0.861826
v 0.521283 0.525649 0.896164
v 0.442758 0.525910 0.868544
v 0.438329 0.393504 0.866305
v 0.369871 0.526430 0.823755
v 0.366650 0.394025 0.820769
v 0.304636 0.394155 0.760303
v 0.299401 0.370981 0.765529
v 0.253494 0.393765 0.685654
v 0.247453 0.370591 0.689386
v 0.205171 0.369940 0.596821
v 0.206782 0.356009 0.594582
v 0.170540 0.369419 0.487834
v 0.172553 0.355488 0.485594
v 0.146378 0.355228 0.369888
v 0.306246 0.526691 0.763289
v 0.255507 0.526561 0.687893
v 0.211614 0.393244 0.593835
v 0.177385 0.392853 0.484848
v 0.144365 0.369159 0.370634
v 0.129465 0.369028 0.257168
v 0.131479 0.355098 0.256421
v 0.128257 0.369159 0.142955
v 0.129062 0.355098 0.142955
v 0.134700 0.369419 0.025009
v 0.136714 0.355358 0.025755
v 0.153224 0.361607 -0.092190
v 0.214433 0.526300 0.595328
v 0.262353 0.542053 0.684161
v 0.312689 0.542184 0.758810
v 0.375106 0.541923 0.817783
v 0.222084 0.541923 0.592342
v 0.187453 0.541402 0.483355
v 0.179399 0.525910 0.485594
v 0.153627 0.525779 0.367649
v 0.151210 0.392723 0.369141
v 0.139130 0.392723 0.256421
v 0.135103 0.392723 0.142955
v 0.141143 0.392984 0.025755
v 0.151210 0.375668 -0.093683
v 0.175775 0.376449 -0.205657
v 0.177788 0.365774 -0.204164
v 0.208392 0.374366 -0.310912
v 0.210003 0.363691 -0.309419
v 0.250272 0.374887 -0.400491
v 0.251883 0.360956 -0.398252
v 0.302622 0.358222 -0.471408
v 0.161680 0.541402 0.366156
v 0.147586 0.541533 0.254928
v 0.139532 0.526040 0.255675
v 0.145573 0.542053 0.143701
v 0.137519 0.526430 0.143701
v 0.152419 0.542314 0.027995
v 0.144365 0.526691 0.027248
v 0.160070 0.526951 -0.090697
v 0.158862 0.399233 -0.091444
v 0.182218 0.400014 -0.202671
v 0.214433 0.397801 -0.307180
v 0.254702 0.398452 -0.396012
v 0.301011 0.372153 -0.474394
v 0.363831 0.370591 -0.534860
v 0.364636 0.356660 -0.531874
v 0.437523 0.356530 -0.575917
v 0.216044 0.527342 -0.305687
v 0.256715 0.527602 -0.394519
v 0.305441 0.395718 -0.469915
v 0.367858 0.394025 -0.527395
v 0.436718 0.370461 -0.578903
v 0.515645 0.370330 -0.605776
v 0.515243 0.360175 -0.602044
v 0.599002 0.360175 -0.611748
v 0.308662 0.527862 -0.468422
v 0.368663 0.527993 -0.531874
v 0.437523 0.394025 -0.574424
v 0.516451 0.393895 -0.601297
v 0.599002 0.374106 -0.615481
v 0.683567 0.374236 -0.608016
v 0.683165 0.360306 -0.605030
v 0.761689 0.359915 -0.576663
v 0.439537 0.527862 -0.574424
v 0.518464 0.527862 -0.599804
v 0.599405 0.393504 -0.611002
v 0.681957 0.393114 -0.602044
v 0.761287 0.369289 -0.579649
v 0.835784 0.369028 -0.537846
v 0.834576 0.359264 -0.534860
v 0.892564 0.359915 -0.472901
v 0.601821 0.527602 -0.608762
v 0.684373 0.527212 -0.600551
v 0.760884 0.392853 -0.575170
v 0.831355 0.392593 -0.530381
v 0.894174 0.368898 -0.475140
v 0.934041 0.368768 -0.397505
v 0.932430 0.360045 -0.395266
v 0.950551 0.360175 -0.302701
v 0.763300 0.526951 -0.572931
v 0.833368 0.526691 -0.528141
v 0.888537 0.392333 -0.469168
v 0.927598 0.392333 -0.393026
v 0.952565 0.368898 -0.304940
v 0.948940 0.369028 -0.198939
v 0.947330 0.360306 -0.197446
v 0.932833 0.360045 -0.083979
v 0.942095 0.392723 -0.197446
v 0.945719 0.392463 -0.301954
v 0.943705 0.526691 -0.301954
v 0.926792 0.526561 -0.391533
v 0.919544 0.542184 -0.389294
v 0.889342 0.526561 -0.466929
v 0.883302 0.542184 -0.462450
v 0.828536 0.542184 -0.522169
v 0.760078 0.542574 -0.566212
v 0.683165 0.542834 -0.593086
v 0.601821 0.543225 -0.601297
v 0.520880 0.543485 -0.592340
v 0.443161 0.543485 -0.567705
v 0.373898 0.543485 -0.525902
v 0.314703 0.543355 -0.463197
v 0.263561 0.543095 -0.390787
v 0.223695 0.542965 -0.302701
v 0.184231 0.527212 -0.203417
v 0.192285 0.542834 -0.200431
v 0.168123 0.542444 -0.088458
v 0.171345 0.620559 -0.086965
v 0.156043 0.620429 0.028741
v 0.249064 0.356790 0.686400
v 0.300609 0.357181 0.761796
v 0.362623 0.370851 0.826741
v 0.435107 0.370330 0.873023
v 0.517256 0.392984 0.894672
v 0.363428 0.357051 0.823008
v 0.435510 0.358483 0.869291
v 0.515645 0.369679 0.902883
v 0.195104 0.620950 -0.198192
v 0.226916 0.621080 -0.299715
v 0.266380 0.621210 -0.387054
v 0.315508 0.621470 -0.462450
v 0.375509 0.621601 -0.521423
v 0.444369 0.621601 -0.563226
v 0.521686 0.621601 -0.587114
v 0.602626 0.621340 -0.596072
v 0.683567 0.621080 -0.587861
v 0.760078 0.620689 -0.561733
v 0.827730 0.620429 -0.517690
v 0.882094 0.620299 -0.458718
v 0.918336 0.620299 -0.385561
v 0.934041 0.620429 -0.298222
v 0.936054 0.542184 -0.300461
v 0.930819 0.542444 -0.197446
v 0.939276 0.526821 -0.197446
v 0.925584 0.527081 -0.085472
v 0.927195 0.393114 -0.084725
v 0.912698 0.393504 0.030234
v 0.934443 0.369289 -0.085472
v 0.919947 0.369549 0.029488
v 0.928806 0.620559 -0.195206
v 0.917530 0.542704 -0.086218
v 0.912698 0.527212 0.027995
v 0.905047 0.393765 0.142208
v 0.148794 0.620168 0.144448
v 0.150405 0.619648 0.254182
v 0.164499 0.619387 0.364663
v 0.190271 0.619518 0.481115
v 0.224903 0.619908 0.589356
v 0.265172 0.620168 0.680428
v 0.315105 0.620299 0.754331
v 0.377120 0.619908 0.814050
v 0.683567 0.359004 0.899897
v 0.515645 0.358873 0.899150
v 0.524505 0.619127 0.883474
v 0.112149 -0.039513 0.249701
v 0.112149 -0.033394 0.066811
v 0.116579 -0.093803 0.249701
v 0.116579 -0.088075 0.066811
v 0.164902 0.110598 0.166841
v 0.165304 0.110468 0.145939
v 0.148794 0.111900 0.166841
v 0.149197 0.111900 0.145193
v 0.361012 -0.562364 0.787922
v 0.377522 -0.572649 0.802852
v 0.347320 -0.549214 0.777471
v 0.347723 -0.459512 0.779710
v 0.338461 -0.529425 0.767767
v 0.339267 -0.478911 0.770006
v 0.336448 -0.504038 0.766274
v 0.361817 -0.444019 0.790908
v 0.376717 -0.434906 0.804345
v 0.410543 -0.427876 0.839430
v 0.412959 -0.576555 0.840923
v 0.442355 -0.576425 0.871529
v 0.440342 -0.428917 0.871529
v 0.471752 -0.430089 0.902881
v 0.472557 -0.571998 0.899895
v 0.517256 -0.564317 0.911839
v 0.517256 -0.440634 0.916318
v 0.570814 -0.442978 0.919304
v 0.573632 -0.556245 0.913332
v 0.627996 -0.551428 0.913332
v 0.624371 -0.432042 0.918558
v 0.667862 -0.424360 0.909600
v 0.675916 -0.548954 0.907360
v 0.710547 -0.550647 0.890191
v 0.699675 -0.417070 0.890191
v 0.731487 -0.412904 0.864064
v 0.741957 -0.551948 0.865557
v 0.780615 -0.550126 0.837937
v 0.771756 -0.414726 0.835697
v 0.795918 -0.425793 0.817035
v 0.798736 -0.542965 0.825993
v 0.805582 -0.433604 0.811809
v 0.812831 -0.528123 0.817035
v 0.819274 -0.460163 0.807331
v 0.822093 -0.507293 0.808077
v 0.823703 -0.482947 0.805838
v 0.152821 0.006184 0.225067
v 0.166512 0.004752 0.225067
v 0.151210 0.045762 0.235518
v 0.163291 0.043810 0.235518
v 0.164902 0.112030 0.236265
v 0.150807 0.112941 0.236265
v 0.168526 0.123487 0.237011
v 0.156445 0.124268 0.236265
v 0.169331 0.133642 0.237011
v 0.157251 0.132600 0.237011
v 0.152821 0.137548 0.237011
v 0.162888 0.144838 0.237011
v 0.149197 0.146531 0.237011
v 0.133492 0.127783 0.236265
v 0.138727 0.141453 0.237011
v 0.143156 0.127002 0.236265
v 0.132686 0.106692 0.236265
v 0.144767 0.106562 0.236265
v 0.132686 0.075967 0.235518
v 0.146781 0.075707 0.235518
v 0.134297 0.000325 0.235518
v 0.151210 0.000065 0.235518
v 0.141948 -0.056959 0.236265
v 0.159667 -0.056308 0.236265
v 0.148391 -0.135985 0.237011
v 0.166110 -0.138719 0.237011
v 0.150002 -0.186109 0.229546
v 0.167720 -0.188583 0.229546
v -0.267991 -0.802958 0.837937
v -0.196714 -0.776139 0.775231
v -0.274434 -0.780826 0.837937
v -0.206379 -0.755438 0.772992
v -0.116579 -0.740987 0.699089
v -0.129465 -0.723021 0.693117
v -0.053357 -0.714688 0.633398
v -0.067853 -0.699977 0.623694
v 0.011074 -0.692556 0.566214
v -0.004631 -0.682271 0.552777
v 0.052954 -0.681750 0.519185
v 0.036846 -0.675240 0.504255
v 0.093625 -0.673027 0.467677
v 0.075504 -0.670553 0.453494
v 0.118190 -0.668731 0.427366
v 0.098458 -0.668340 0.416169
v 0.145975 -0.665346 0.362422
v 0.124230 -0.666648 0.354957
v 0.164902 -0.664955 0.272096
v 0.142351 -0.666387 0.269857
v 0.167720 -0.666778 0.183264
v 0.144767 -0.667689 0.184757
v 0.162485 -0.668470 0.118319
v 0.139935 -0.668861 0.121305
v 0.153626 -0.669772 0.055614
v 0.131076 -0.669902 0.059346
v 0.138727 -0.670944 -0.027247
v 0.116176 -0.671074 -0.022768
v 0.119800 -0.671465 -0.110854
v 0.097652 -0.671595 -0.104882
v 0.100471 -0.671334 -0.172813
v 0.079129 -0.671725 -0.165348
v 0.072685 -0.671204 -0.234025
v 0.052551 -0.671855 -0.222828
v 0.018725 -0.671204 -0.306435
v 0.003020 -0.671985 -0.290012
v -0.056175 -0.671204 -0.357196
v -0.065035 -0.672116 -0.336294
v -0.122619 -0.670423 -0.375112
v -0.123827 -0.671855 -0.352717
v -0.189869 -0.668731 -0.360929
v -0.182620 -0.672246 -0.340027
v -0.247856 -0.668470 -0.325844
v -0.233762 -0.674589 -0.308674
v -0.289333 -0.673157 -0.272843
v -0.271615 -0.681880 -0.260899
v -0.327992 -0.686957 -0.194461
v -0.309870 -0.699326 -0.188489
v -0.350542 -0.703101 -0.133249
v -0.333629 -0.718073 -0.130263
v -0.371079 -0.723021 -0.072783
v -0.356583 -0.740336 -0.072036
v -0.399268 -0.749840 0.003359
v -0.387992 -0.769759 0.001866
v -0.422221 -0.768588 0.058600
v -0.413765 -0.789809 0.056360
v -0.447188 -0.783950 0.113093
v -0.441953 -0.806083 0.110854
v -0.497122 -0.799834 0.212377
v -0.495511 -0.822617 0.210884
v -0.529739 -0.802047 0.275082
v -0.529739 -0.824831 0.275082
v -0.578465 -0.798402 0.371380
v -0.578465 -0.821185 0.371380
v -0.637661 -0.792673 0.495297
v -0.638063 -0.815457 0.496044
v -0.661822 -0.787726 0.549791
v -0.662225 -0.810249 0.552030
v -0.684775 -0.776529 0.602792
v -0.685581 -0.798402 0.608017
v -0.706923 -0.755048 0.652060
v -0.707729 -0.775358 0.661018
v -0.728669 -0.725755 0.699836
v -0.729071 -0.744502 0.711780
v -0.751219 -0.690603 0.748358
v -0.750011 -0.708830 0.761048
v -0.774173 -0.655972 0.798373
v -0.770951 -0.674199 0.811063
v -0.795918 -0.628762 0.855852
v -0.789475 -0.648030 0.864064
v -0.813234 -0.614441 0.919304
v -0.803569 -0.634360 0.921544
v -0.818066 -0.618346 0.962601
v -0.806791 -0.636964 0.958122
v -0.816455 -0.631235 0.999179
v -0.804777 -0.646858 0.988728
v -0.802361 -0.663913 1.038743
v -0.792294 -0.672116 1.020081
v -0.781018 -0.702711 1.060391
v -0.772965 -0.701799 1.038743
v -0.763703 -0.727707 1.062631
v -0.758065 -0.720417 1.040982
v -0.734306 -0.760386 1.051433
v -0.732293 -0.745674 1.033517
v 0.843032 -0.492451 -0.502016
v 0.838603 -0.517317 -0.505001
v 0.842227 -0.466933 -0.503508
v 0.828536 -0.536456 -0.513213
v 0.833368 -0.446884 -0.512466
v 0.812831 -0.551428 -0.522171
v 0.820079 -0.433214 -0.522917
v 0.802361 -0.422408 -0.537101
v 0.796320 -0.560020 -0.534861
v 0.759273 -0.565749 -0.567707
v 0.764508 -0.417330 -0.571439
v 0.732695 -0.416419 -0.599806
v 0.727058 -0.563796 -0.596820
v 0.693634 -0.561583 -0.620708
v 0.700883 -0.419804 -0.620708
v 0.654573 -0.425272 -0.631159
v 0.648130 -0.548824 -0.632652
v 0.594170 -0.543746 -0.634891
v 0.597794 -0.430479 -0.631159
v 0.543431 -0.432432 -0.626680
v 0.540612 -0.551818 -0.629666
v 0.497524 -0.557026 -0.616975
v 0.495913 -0.432302 -0.616975
v 0.462893 -0.428396 -0.596820
v 0.466919 -0.562364 -0.594580
v 0.437120 -0.564317 -0.565467
v 0.433899 -0.425011 -0.569946
v 0.397254 -0.424360 -0.539340
v 0.399267 -0.559890 -0.534861
v 0.378328 -0.547522 -0.514706
v 0.379536 -0.430349 -0.525903
v 0.369066 -0.538409 -0.508734
v 0.368260 -0.444410 -0.513213
v 0.359401 -0.511719 -0.502016
v 0.358596 -0.464590 -0.502762
v 0.356180 -0.488545 -0.499776
v 0.167720 -0.002539 0.116079
v 0.168123 0.004752 0.087713
v 0.166915 -0.002539 0.194461
v 0.166512 0.004752 0.225067
v 0.164902 0.043549 0.078008
v 0.163291 0.043810 0.235518
v 0.164902 0.112030 0.236265
v 0.164902 0.110598 0.166841
v 0.168929 0.123487 0.168334
v 0.168526 0.123487 0.237011
v 0.169734 0.132340 0.168334
v 0.169331 0.133642 0.237011
v 0.162486 0.145750 0.168334
v 0.162888 0.144838 0.237011
v 0.148391 0.147052 0.169080
v 0.149197 0.146531 0.237011
v 0.138727 0.141453 0.237011
v 0.137921 0.141844 0.169080
v 0.132284 0.128825 0.167587
v 0.133492 0.127783 0.236265
v 0.131478 0.107083 0.167587
v 0.132686 0.106692 0.236265
v 0.131478 0.087033 0.164601
v 0.132686 0.075967 0.235518
v 0.131076 0.079222 0.169827
v 0.134297 0.000325 0.235518
v 0.131478 0.079222 0.139967
v 0.134297 0.075576 0.078008
v 0.131478 0.107083 0.143700
v 0.134297 0.106302 0.078755
v 0.131478 0.127914 0.144446
v 0.133089 0.127263 0.079501
v 0.138324 0.141714 0.145193
v 0.139935 0.140803 0.079501
v 0.150807 0.148614 0.145193
v 0.152418 0.147573 0.079501
v 0.166110 0.143276 0.145193
v 0.166915 0.142365 0.079501
v 0.170137 0.133772 0.145193
v 0.170942 0.133121 0.079501
v 0.166915 0.111509 0.078755
v 0.131478 0.087033 0.146686
v 0.183425 -0.088465 0.248955
v 0.178996 -0.034175 0.248955
v 0.116579 -0.093803 0.249701
v 0.112149 -0.039513 0.249701
v 0.149599 -0.223605 0.157136
v 0.150002 -0.216444 0.195208
v 0.150405 -0.215402 0.120558
v 0.150002 -0.186109 0.229546
v 0.150002 -0.187151 0.091445
v 0.148391 -0.135595 0.080994
v 0.148391 -0.135985 0.237011
v 0.142351 -0.056568 0.078755
v 0.141948 -0.056959 0.236265
v 0.135505 0.000325 0.078008
v -0.131479 -0.054225 0.122051
v -0.116176 -0.069718 0.118319
v -0.140740 -0.068676 0.145193
v -0.126244 -0.085080 0.142953
v -0.127452 -0.091460 0.176545
v -0.142351 -0.074795 0.177292
v -0.140740 -0.070369 0.209391
v -0.126244 -0.086903 0.210884
v -0.116176 -0.072191 0.237758
v -0.131479 -0.056699 0.235518
v -0.092015 -0.047976 0.248208
v -0.109331 -0.034566 0.245969
v -0.066243 -0.020505 0.249701
v -0.085572 -0.009179 0.248955
v -0.065437 0.027015 0.249701
v -0.046511 0.015818 0.249701
v -0.013088 0.067765 0.248208
v -0.030403 0.081565 0.248208
v 0.017920 0.129476 0.245969
v 0.032416 0.113072 0.245969
v 0.085974 0.197696 0.246715
v 0.104095 0.189624 0.245222
v 0.116981 0.324764 0.236265
v 0.101679 0.329451 0.236265
v 0.141143 0.393375 0.234772
v 0.119398 0.396890 0.234772
v 0.147183 0.461205 0.235518
v 0.125438 0.461986 0.234772
v 0.148391 0.491019 0.225067
v 0.126646 0.491800 0.225067
v 0.148391 0.517968 0.198193
v 0.126646 0.518619 0.198193
v 0.147989 0.526561 0.160869
v 0.126243 0.527342 0.160869
v 0.126243 0.517968 0.123544
v 0.148391 0.517187 0.123544
v 0.147989 0.490888 0.095178
v 0.125841 0.491670 0.095178
v 0.146378 0.458991 0.083234
v 0.124633 0.459903 0.083234
v 0.139935 0.390771 0.081741
v 0.118190 0.394416 0.082487
v 0.114968 0.322030 0.080248
v 0.099263 0.326716 0.080248
v 0.082350 0.195223 0.080994
v 0.100471 0.187151 0.080994
v 0.028792 0.111900 0.093685
v 0.014295 0.128304 0.093685
v -0.017114 0.066463 0.104882
v -0.034430 0.080133 0.104882
v -0.050135 0.013735 0.111600
v -0.069464 0.024671 0.112347
v -0.068659 -0.022068 0.112347
v -0.087988 -0.010871 0.113840
v -0.093223 -0.047325 0.111600
v -0.110539 -0.034045 0.113840
v -0.116176 -0.069718 0.118319
v -0.131479 -0.054225 0.122051
v 0.165304 0.110468 0.145939
v 0.488665 0.563015 -0.326590
v 0.486249 0.630194 -0.299716
v 0.487859 0.564186 -0.349731
v 0.485443 0.639828 -0.318379
v 0.485443 0.665997 -0.282547
v 0.485041 0.679146 -0.299716
v 0.570814 -0.442978 0.919304
v 0.624371 -0.432042 0.918558
v 0.573632 -0.440504 0.902881
v 0.621553 -0.429829 0.902135
v 0.661419 -0.422147 0.893177
v 0.667862 -0.424360 0.909600
v 0.699675 -0.417070 0.890191
v 0.690413 -0.414856 0.873768
v 0.731487 -0.412904 0.864064
v 0.720212 -0.410430 0.847641
v 0.771756 -0.414726 0.835697
v 0.758467 -0.411992 0.820767
v 0.780615 -0.422928 0.802105
v 0.795918 -0.425793 0.817035
v 0.805582 -0.433604 0.811809
v 0.798736 -0.434776 0.790908
v 0.819274 -0.460163 0.807331
v 0.823703 -0.482947 0.805838
v 0.808804 -0.461335 0.785682
v 0.812831 -0.483988 0.784936
v 0.811623 -0.508204 0.786429
v 0.822093 -0.507293 0.808077
v 0.803569 -0.528774 0.794640
v 0.812831 -0.528123 0.817035
v 0.784240 -0.540361 0.811063
v 0.798736 -0.542965 0.825993
v 0.780615 -0.550126 0.837937
v 0.766924 -0.547522 0.823007
v 0.741957 -0.551948 0.865557
v 0.730279 -0.549084 0.849134
v 0.710547 -0.550647 0.890191
v 0.701285 -0.547262 0.873768
v 0.669473 -0.545569 0.890191
v 0.675916 -0.548954 0.907360
v 0.627996 -0.551428 0.913332
v 0.625580 -0.548303 0.896163
v 0.573632 -0.556245 0.913332
v 0.576049 -0.552469 0.896163
v 0.644506 -0.143667 -0.785682
v 0.636855 -0.209544 -0.807331
v 0.521685 -0.129997 -0.859585
v 0.517659 -0.191708 -0.888698
v 0.634439 -0.275551 -0.834204
v 0.518464 -0.253288 -0.922290
v 0.637660 -0.323852 -0.858838
v 0.523699 -0.298074 -0.952150
v 0.647728 -0.370852 -0.887205
v 0.536182 -0.340907 -0.984996
v 0.671889 -0.431521 -0.931995
v 0.564371 -0.394286 -1.035010
v 0.699675 -0.487504 -0.980517
v 0.600613 -0.442848 -1.089504
v 0.718601 -0.529165 -1.017841
v 0.626788 -0.479692 -1.131308
v 0.732293 -0.575123 -1.054419
v 0.646519 -0.521093 -1.170872
v 0.736319 -0.627981 -1.087265
v 0.656184 -0.570175 -1.206703
v 0.727863 -0.667689 -1.102941
v 0.652962 -0.608582 -1.226859
v 0.695648 -0.725755 -1.114885
v 0.630009 -0.669512 -1.244775
v 0.647325 -0.771192 -1.111899
v 0.588935 -0.725364 -1.250000
v 0.590143 -0.793064 -1.096223
v 0.533766 -0.765333 -1.240296
v 0.531753 -0.803870 -1.076814
v 0.474168 -0.792283 -1.223873
v 0.472154 -0.812462 -1.056659
v 0.412959 -0.809728 -1.203717
v 0.412556 -0.820795 -1.035757
v 0.351347 -0.823399 -1.182069
v 0.322756 -0.825742 -1.002165
v 0.258326 -0.826002 -1.146984
v 0.223292 -0.826393 -0.962601
v 0.155237 -0.826784 -1.105181
v 0.051746 -0.827174 -0.881233
v -0.023558 -0.827434 -1.017841
v -0.108525 -0.827434 -0.787922
v -0.193493 -0.827434 -0.918558
v -0.201547 -0.827434 -0.724470
v -0.292957 -0.827434 -0.850627
v -0.299803 -0.827434 -0.649074
v -0.396449 -0.827434 -0.771499
v -0.379536 -0.826653 -0.584130
v -0.480611 -0.827434 -0.702822
v -0.450007 -0.821055 -0.522917
v -0.553498 -0.827434 -0.638623
v -0.526921 -0.804390 -0.454987
v -0.633231 -0.827434 -0.566214
v -0.611888 -0.773275 -0.382577
v -0.717796 -0.827434 -0.482607
v -0.701286 -0.733696 -0.314646
v -0.794710 -0.827304 -0.394521
v -0.776991 -0.703492 -0.259406
v -0.850281 -0.827434 -0.317632
v -0.824912 -0.688389 -0.219842
v -0.882496 -0.827174 -0.260899
v -0.866389 -0.679016 -0.175052
v -0.907060 -0.826914 -0.199686
v -0.897799 -0.673808 -0.122798
v -0.922363 -0.827044 -0.135488
v -0.909879 -0.672376 -0.083980
v -0.925182 -0.827174 -0.092192
v -0.913101 -0.671985 -0.043670
v -0.921155 -0.827304 -0.048895
v -0.907060 -0.671985 -0.003359
v -0.910282 -0.827434 -0.007092
v -0.892161 -0.671985 0.034712
v -0.892564 -0.827434 0.032472
v -0.870416 -0.671985 0.069050
v -0.869208 -0.827304 0.067557
v -0.825314 -0.670032 0.113093
v -0.822898 -0.824831 0.111600
v -0.751622 -0.662742 0.157883
v -0.747595 -0.816108 0.154897
v -0.690816 -0.655842 0.184010
v -0.686789 -0.808166 0.180278
v -0.629607 -0.650764 0.206405
v -0.625580 -0.802177 0.202672
v -0.550277 -0.649462 0.239251
v -0.547458 -0.800615 0.234025
v -0.494705 -0.652977 0.267617
v -0.493900 -0.804521 0.263885
v -0.445577 -0.658836 0.304942
v -0.446785 -0.811421 0.302702
v -0.405308 -0.664434 0.349731
v -0.406114 -0.818061 0.349731
v -0.382355 -0.667429 0.405718
v -0.377522 -0.821966 0.404972
v -0.378328 -0.668210 0.466184
v -0.360609 -0.822357 0.466184
v -0.388798 -0.669121 0.505001
v -0.357388 -0.821055 0.507987
v -0.408530 -0.671985 0.540087
v -0.361012 -0.819623 0.550537
v -0.434302 -0.677714 0.571439
v -0.371079 -0.818321 0.592341
v -0.463296 -0.686306 0.598313
v -0.385979 -0.816889 0.633398
v -0.494303 -0.697503 0.623694
v -0.404503 -0.815457 0.672216
v -0.524907 -0.710913 0.646835
v -0.426651 -0.813894 0.710287
v -0.555512 -0.725624 0.669976
v -0.450812 -0.812332 0.746865
v -0.600613 -0.749449 0.706554
v -0.490679 -0.810379 0.798373
v -0.646117 -0.772624 0.746118
v -0.530948 -0.808817 0.846148
v -0.690413 -0.790200 0.789415
v -0.572827 -0.806474 0.891684
v -0.733501 -0.801526 0.834204
v -0.616721 -0.801006 0.937220
v -0.778199 -0.805692 0.880487
v -0.660614 -0.788247 0.979770
v -0.824912 -0.807124 0.928262
v -0.700480 -0.769239 1.014109
v -0.862362 -0.801136 0.963347
v -0.732293 -0.745674 1.033517
v 0.483833 0.734477 -0.234025
v 0.484235 0.715990 -0.219842
v 0.483027 0.750491 -0.186996
v 0.483430 0.730181 -0.175799
v 0.483027 0.737472 -0.107868
v 0.482624 0.758823 -0.114586
v 0.482222 0.741378 -0.042923
v 0.482222 0.763250 -0.047402
v 0.479403 0.752444 0.036951
v 0.479403 0.774576 0.033219
v 0.475779 0.766765 0.112347
v 0.475779 0.788767 0.109361
v 0.473765 0.779133 0.169827
v 0.473363 0.801787 0.166841
v 0.474168 0.793975 0.237758
v 0.473363 0.817149 0.236265
v 0.472960 0.800745 0.290012
v 0.471752 0.823529 0.290012
v -0.021947 0.018683 0.167587
v -0.016309 0.008528 0.167587
v 0.013893 0.032613 0.169080
v 0.021141 0.021026 0.169827
v 0.088390 0.047064 0.170573
v 0.089196 0.046283 0.154150
v 0.148391 0.086773 0.169827
v 0.149197 0.085992 0.153404
v 0.177385 0.113983 0.152658
v 0.165707 0.122706 0.151911
v 0.179801 0.130778 0.151911
v 0.153626 0.132991 0.150418
v 0.172955 0.141844 0.151165
v 0.147989 0.142755 0.150418
v 0.162888 0.145359 0.151165
v 0.162486 0.145750 0.168334
v 0.172150 0.142625 0.167587
v 0.147183 0.143537 0.166841
v 0.152016 0.134814 0.168334
v 0.143962 0.119581 0.166841
v 0.178190 0.131168 0.168334
v 0.176982 0.114243 0.169080
v 0.164499 0.124529 0.168334
v -0.734306 -0.760386 1.051433
v -0.700883 -0.788767 1.026799
v -0.732293 -0.745674 1.033517
v -0.700480 -0.769239 1.014109
v -0.660211 -0.810249 0.987235
v -0.660614 -0.788247 0.979770
v -0.616721 -0.823919 0.940206
v -0.616721 -0.801006 0.937220
v -0.573633 -0.829387 0.890938
v -0.572827 -0.806474 0.891684
v -0.533364 -0.831210 0.841669
v -0.530948 -0.808817 0.846148
v -0.495511 -0.831601 0.791654
v -0.490679 -0.810379 0.798373
v -0.459671 -0.831470 0.738653
v -0.450812 -0.812332 0.746865
v -0.438329 -0.830819 0.700582
v -0.426651 -0.813894 0.710287
v -0.419000 -0.829908 0.662511
v -0.404503 -0.815457 0.672216
v -0.403295 -0.828476 0.623694
v -0.385979 -0.816889 0.633398
v -0.390811 -0.826914 0.584130
v -0.371079 -0.818321 0.592341
v -0.382355 -0.825221 0.545312
v -0.361012 -0.819623 0.550537
v -0.379536 -0.824049 0.506494
v -0.357388 -0.821055 0.507987
v -0.383160 -0.823008 0.468423
v -0.360609 -0.822357 0.466184
v -0.398462 -0.820274 0.413183
v -0.377522 -0.821966 0.404972
v -0.423832 -0.815717 0.362422
v -0.406114 -0.818061 0.349731
v -0.461282 -0.809338 0.319872
v -0.446785 -0.811421 0.302702
v -0.505578 -0.803089 0.283294
v -0.493900 -0.804521 0.263885
v -0.557122 -0.799834 0.254927
v -0.547458 -0.800615 0.234025
v -0.633231 -0.801787 0.223574
v -0.625580 -0.802177 0.202672
v -0.694843 -0.808036 0.201179
v -0.686789 -0.808166 0.180278
v -0.757662 -0.816629 0.175052
v -0.747595 -0.816108 0.154897
v -0.836992 -0.825872 0.129516
v -0.822898 -0.824831 0.111600
v -0.887329 -0.828346 0.081741
v -0.869208 -0.827304 0.067557
v -0.912698 -0.828216 0.042923
v -0.892564 -0.827434 0.032472
v -0.932027 -0.827825 0.000373
v -0.910282 -0.827434 -0.007092
v -0.943705 -0.827044 -0.045163
v -0.921155 -0.827304 -0.048895
v -0.948135 -0.825742 -0.092192
v -0.925182 -0.827174 -0.092192
v -0.944511 -0.824049 -0.139221
v -0.922363 -0.827044 -0.135488
v -0.927195 -0.820795 -0.207151
v -0.907060 -0.826914 -0.199686
v -0.900215 -0.817279 -0.271350
v -0.882496 -0.827174 -0.260899
v -0.864778 -0.813634 -0.328829
v -0.850281 -0.827434 -0.317632
v -0.803972 -0.809077 -0.404225
v -0.794710 -0.827304 -0.394521
v -0.722226 -0.805953 -0.488579
v -0.717796 -0.827434 -0.482607
v -0.634439 -0.804781 -0.568453
v -0.633231 -0.827434 -0.566214
v -0.553901 -0.804651 -0.639370
v -0.553498 -0.827434 -0.638623
v -0.480611 -0.804651 -0.702822
v -0.480611 -0.827434 -0.702822
v -0.396449 -0.804651 -0.771499
v -0.396449 -0.827434 -0.771499
v -0.292555 -0.804651 -0.850627
v -0.292957 -0.827434 -0.850627
v -0.193493 -0.804651 -0.918558
v -0.193493 -0.827434 -0.918558
v -0.023155 -0.804521 -1.017841
v -0.023558 -0.827434 -1.017841
v 0.156042 -0.803870 -1.105181
v 0.155237 -0.826784 -1.105181
v 0.259534 -0.803089 -1.146984
v 0.258326 -0.826002 -1.146984
v 0.352958 -0.800485 -1.181323
v 0.351347 -0.823399 -1.182069
v 0.414167 -0.786945 -1.201478
v 0.412959 -0.809728 -1.203717
v 0.474168 -0.769890 -1.219394
v 0.474168 -0.792283 -1.223873
v 0.530142 -0.744893 -1.232084
v 0.533766 -0.765333 -1.240296
v 0.579673 -0.709871 -1.238056
v 0.588935 -0.725364 -1.250000
v 0.614707 -0.663132 -1.232084
v 0.630009 -0.669512 -1.244775
v 0.634841 -0.612097 -1.214915
v 0.652962 -0.608582 -1.226859
v 0.638063 -0.578898 -1.196999
v 0.656184 -0.570175 -1.206703
v 0.629606 -0.534503 -1.164153
v 0.646519 -0.521093 -1.170872
v 0.611485 -0.495445 -1.125336
v 0.626788 -0.479692 -1.131308
v 0.586519 -0.459252 -1.083532
v 0.600613 -0.442848 -1.089504
v 0.551082 -0.410039 -1.026799
v 0.564371 -0.394286 -1.035010
v 0.522088 -0.355229 -0.973798
v 0.536182 -0.340907 -0.984996
v 0.509605 -0.310703 -0.938713
v 0.523699 -0.298074 -0.952150
v 0.504370 -0.264485 -0.908107
v 0.518464 -0.253288 -0.922290
v 0.504370 -0.201342 -0.871529
v 0.517659 -0.191708 -0.888698
v 0.510007 -0.138329 -0.841669
v 0.521685 -0.129997 -0.859585
v 0.168123 -0.189755 0.091445
v 0.168123 -0.220220 0.120558
v 0.150002 -0.187151 0.091445
v 0.150405 -0.215402 0.120558
v 0.167720 -0.228031 0.157883
v 0.149599 -0.223605 0.157136
v 0.168123 -0.221522 0.195954
v 0.150002 -0.216444 0.195208
v 0.150002 -0.186109 0.229546
v 0.167720 -0.188583 0.229546
v -0.127452 -0.091460 0.176545
v -0.126244 -0.085080 0.142953
v -0.126244 -0.086903 0.210884
v -0.116176 -0.072191 0.237758
v -0.116176 -0.069718 0.118319
v -0.093223 -0.047325 0.111600
v -0.092015 -0.047976 0.248208
v -0.068659 -0.022068 0.112347
v -0.066243 -0.020505 0.249701
v -0.050135 0.013735 0.111600
v -0.046511 0.015818 0.249701
v -0.017114 0.066463 0.104882
v -0.013088 0.067765 0.248208
v 0.028792 0.111900 0.093685
v 0.032416 0.113072 0.245969
v 0.100471 0.187151 0.080994
v 0.104095 0.189624 0.245222
v 0.114968 0.322030 0.080248
v 0.116981 0.324764 0.236265
v 0.139935 0.390771 0.081741
v 0.141143 0.393375 0.234772
v 0.146378 0.458991 0.083234
v 0.147183 0.461205 0.235518
v 0.147989 0.490888 0.095178
v 0.148391 0.491019 0.225067
v 0.147989 0.526561 0.160869
v 0.148391 0.517968 0.198193
v 0.638466 0.738644 -0.214616
v 0.637660 0.752184 -0.169827
v 0.637660 0.719636 -0.201179
v 0.637258 0.730962 -0.158629
v 0.634841 0.750231 -0.097417
v 0.634439 0.729140 -0.090699
v 0.634439 0.752704 -0.031726
v 0.634841 0.732264 -0.027247
v 0.631217 0.764031 0.051135
v 0.631620 0.743200 0.053374
v 0.629204 0.782648 0.128023
v 0.629607 0.761427 0.130263
v 0.630009 0.795277 0.186250
v 0.628398 0.774576 0.188489
v 0.631620 0.820404 0.252687
v 0.630009 0.797751 0.255673
v 0.631620 0.806343 0.312407
v 0.632828 0.829127 0.310914
v 0.132284 0.128825 0.167587
v 0.132284 0.114243 0.168334
v 0.133492 0.128825 0.151165
v 0.144364 0.120232 0.154150
v 0.152016 0.134814 0.168334
v 0.164499 0.124529 0.168334
v 0.137116 0.095496 0.152658
v 0.138324 0.098100 0.169827
v 0.078726 0.058000 0.169080
v 0.079531 0.057219 0.152658
v 0.014698 0.031832 0.152658
v 0.013893 0.032613 0.169080
v 0.022349 0.020115 0.153404
v -0.015504 0.007877 0.154150
v -0.021141 0.018032 0.153404
v -0.021947 0.018683 0.167587
v 0.138324 0.098100 0.169827
v 0.078726 0.058000 0.169080
v 0.147989 0.086773 0.164601
v 0.147989 0.086643 0.146686
v 0.131478 0.087033 0.164601
v 0.131478 0.087033 0.146686
v 0.112149 -0.033394 0.066811
v 0.178996 -0.028056 0.066811
v 0.116579 -0.088075 0.066811
v 0.183425 -0.082607 0.066811
v 0.133089 0.113853 0.152658
v 0.510007 -0.138329 -0.841669
v 0.515645 -0.093413 -0.821514
v 0.521685 -0.129997 -0.859585
v 0.526115 -0.085731 -0.840923
v 0.520075 -0.050189 -0.803598
v 0.529337 -0.042898 -0.823007
v 0.522894 0.007226 -0.779710
v 0.530545 0.014777 -0.799119
v 0.520880 0.050840 -0.758809
v 0.526518 0.059433 -0.778964
v 0.516048 0.080003 -0.743132
v 0.520477 0.089767 -0.762541
v 0.507591 0.108775 -0.723724
v 0.511215 0.120232 -0.742386
v 0.493497 0.155775 -0.686399
v 0.496316 0.169314 -0.703568
v 0.485041 0.223344 -0.646835
v 0.484638 0.200821 -0.636384
v 0.484235 0.240269 -0.621454
v 0.484235 0.214882 -0.616975
v 0.484235 0.212408 -0.606524
v 0.484235 0.235192 -0.593087
v 0.483833 0.218006 -0.577411
v 0.483833 0.201993 -0.599806
v 0.483833 0.199389 -0.572186
v 0.483833 0.194572 -0.598313
v 0.483833 0.183375 -0.572932
v 0.483833 0.185458 -0.599806
v 0.483833 0.168143 -0.576665
v 0.483833 0.170226 -0.603538
v 0.501148 0.146922 -0.578158
v 0.501148 0.146010 -0.605778
v 0.501148 0.104349 -0.579651
v 0.501551 0.102917 -0.607271
v 0.502759 0.045632 -0.581890
v 0.502759 0.044330 -0.609510
v 0.505578 -0.098230 -0.591594
v 0.505578 -0.099141 -0.619215
v 0.506383 -0.234410 -0.587862
v 0.506786 -0.235061 -0.615482
v 0.505578 -0.385824 -0.577411
v 0.506383 -0.385433 -0.604285
v 0.487054 -0.635662 -0.614736
v 0.487054 -0.635532 -0.587116
v 0.485846 -0.733306 -0.590101
v 0.485846 -0.733436 -0.616975
v 0.485041 -0.773014 -0.581144
v 0.485041 -0.775097 -0.608017
v 0.485041 -0.802047 -0.570693
v 0.484638 -0.806604 -0.601299
v 0.485041 -0.821576 -0.587862
v 0.485443 -0.827565 -0.566960
v 0.485041 -0.803740 0.843909
v 0.485041 -0.830038 0.845402
v 0.485846 -0.796319 0.854360
v 0.486651 -0.820274 0.878994
v 0.485443 -0.658445 0.846148
v 0.485443 -0.658315 0.873768
v 0.485041 -0.387256 0.862571
v 0.485041 -0.387646 0.890191
v 0.482624 -0.268391 0.855852
v 0.483430 -0.269042 0.883473
v 0.479000 -0.146531 0.863317
v 0.481014 -0.147572 0.891684
v 0.490678 -0.024932 0.866303
v 0.493094 -0.026234 0.895417
v 0.504370 0.088465 0.853613
v 0.507591 0.086903 0.883473
v 0.522894 0.118409 0.880487
v 0.519672 0.120883 0.851374
v 0.515242 0.140803 0.845402
v 0.516853 0.133902 0.873022
v 0.499135 0.175954 0.836444
v 0.499135 0.164497 0.861824
v 0.478598 0.208372 0.840923
v 0.570814 -0.442978 0.919304
v 0.573632 -0.440504 0.902881
v 0.517256 -0.440634 0.916318
v 0.524504 -0.437510 0.899895
v 0.483430 -0.427225 0.887205
v 0.471752 -0.430089 0.902881
v 0.454436 -0.425793 0.857345
v 0.440342 -0.428917 0.871529
v 0.426650 -0.424100 0.825246
v 0.410543 -0.427876 0.839430
v 0.392422 -0.429178 0.793147
v 0.376717 -0.434906 0.804345
v 0.376314 -0.437380 0.775231
v 0.362220 -0.453003 0.764034
v 0.361817 -0.444019 0.790908
v 0.347723 -0.459512 0.779710
v 0.339267 -0.478911 0.770006
v 0.354972 -0.474614 0.753583
v 0.336448 -0.504038 0.766274
v 0.352153 -0.499742 0.750597
v 0.353361 -0.525389 0.752090
v 0.362623 -0.545048 0.762541
v 0.338461 -0.529425 0.767767
v 0.347320 -0.549214 0.777471
v 0.377925 -0.561583 0.775231
v 0.361012 -0.562364 0.787922
v 0.377522 -0.572649 0.802852
v 0.393227 -0.566660 0.793147
v 0.428664 -0.572128 0.826739
v 0.412959 -0.576555 0.840923
v 0.455644 -0.571738 0.856599
v 0.442355 -0.576425 0.871529
v 0.483027 -0.567441 0.883473
v 0.472557 -0.571998 0.899895
v 0.517256 -0.564317 0.911839
v 0.524907 -0.559890 0.895417
v 0.576049 -0.552469 0.896163
v 0.573632 -0.556245 0.913332
v -0.016309 0.008528 0.167587
v -0.021947 0.018683 0.167587
v -0.015504 0.007877 0.154150
v -0.021141 0.018032 0.153404
v 0.139129 0.115675 0.242237
v 0.135505 0.127783 0.245969
v 0.143156 0.117628 0.238504
v 0.139935 0.130257 0.242237
v 0.143156 0.117628 0.081741
v 0.139935 0.130257 0.078755
v 0.139129 0.115675 0.075769
v 0.135505 0.127783 0.072783
v 0.013087 0.052142 0.075769
v 0.005839 0.062557 0.072783
v -0.000201 0.045502 0.081741
v -0.008658 0.055397 0.078755
v -0.004631 0.043289 0.098910
v -0.013490 0.052923 0.097417
v -0.004631 0.043289 0.228053
v -0.013490 0.052923 0.229546
v -0.000201 0.045502 0.238504
v -0.008658 0.055397 0.242237
v 0.013087 0.052142 0.242237
v 0.005436 0.062427 0.245969
v 0.139129 0.115675 0.242237
v 0.135505 0.127783 0.245969
v -0.028390 0.047715 0.088459
v -0.028390 0.047715 0.238504
v -0.022349 0.050840 0.256420
v -0.003423 0.060214 0.261645
v 0.142754 0.133772 0.261645
v -0.029598 0.030660 0.083234
v -0.029598 0.030660 0.243729
v -0.022752 0.034175 0.263885
v -0.001410 0.044851 0.270603
v 0.153626 0.122966 0.270603
v -0.022349 0.034306 0.056360
v -0.021947 0.050840 0.064572
v -0.001007 0.044981 0.048149
v -0.003423 0.060344 0.056360
v 0.153626 0.122966 0.048149
v 0.142754 0.133772 0.056360
v 0.165304 0.128955 0.056360
v 0.152016 0.138459 0.064572
v 0.152016 0.138459 0.256420
v 0.633231 -0.150567 -0.767020
v 0.623969 -0.217746 -0.789415
v 0.644506 -0.143667 -0.785682
v 0.636855 -0.209544 -0.807331
v 0.620747 -0.285446 -0.817781
v 0.634439 -0.275551 -0.834204
v 0.623566 -0.335049 -0.843909
v 0.637660 -0.323852 -0.858838
v 0.633633 -0.383741 -0.874515
v 0.647728 -0.370852 -0.887205
v 0.657795 -0.445972 -0.921544
v 0.671889 -0.431521 -0.931995
v 0.684775 -0.502345 -0.973052
v 0.699675 -0.487504 -0.980517
v 0.702493 -0.543356 -1.011123
v 0.718601 -0.529165 -1.017841
v 0.714574 -0.586710 -1.046954
v 0.732293 -0.575123 -1.054419
v 0.716990 -0.634100 -1.077560
v 0.736319 -0.627981 -1.087265
v 0.708936 -0.667819 -1.092490
v 0.727863 -0.667689 -1.102941
v 0.681554 -0.715339 -1.104434
v 0.695648 -0.725755 -1.114885
v 0.640882 -0.752053 -1.103688
v 0.647325 -0.771192 -1.111899
v 0.589740 -0.770801 -1.092490
v 0.590143 -0.793064 -1.096223
v 0.533766 -0.780956 -1.076067
v 0.531753 -0.803870 -1.076814
v 0.474973 -0.789549 -1.056659
v 0.472154 -0.812462 -1.056659
v 0.415375 -0.797621 -1.035757
v 0.412556 -0.820795 -1.035757
v 0.324770 -0.802698 -1.002165
v 0.322756 -0.825742 -1.002165
v 0.224902 -0.803479 -0.962601
v 0.223292 -0.826393 -0.962601
v 0.052148 -0.804260 -0.881233
v 0.051746 -0.827174 -0.881233
v -0.108525 -0.804651 -0.787922
v -0.108525 -0.827434 -0.787922
v -0.201547 -0.804651 -0.724470
v -0.201547 -0.827434 -0.724470
v -0.299803 -0.804521 -0.649074
v -0.299803 -0.827434 -0.649074
v -0.379536 -0.804000 -0.584130
v -0.379536 -0.826653 -0.584130
v -0.449604 -0.798402 -0.525157
v -0.450007 -0.821055 -0.522917
v -0.526921 -0.782388 -0.460212
v -0.526921 -0.804390 -0.454987
v -0.613499 -0.752965 -0.393028
v -0.611888 -0.773275 -0.382577
v -0.706521 -0.717032 -0.328829
v -0.701286 -0.733696 -0.314646
v -0.786656 -0.690473 -0.275082
v -0.776991 -0.703492 -0.259406
v -0.838200 -0.677974 -0.235518
v -0.824912 -0.688389 -0.219842
v -0.883704 -0.671204 -0.187743
v -0.866389 -0.679016 -0.175052
v -0.918738 -0.668600 -0.130263
v -0.897799 -0.673808 -0.122798
v -0.932430 -0.668731 -0.087713
v -0.909879 -0.672376 -0.083980
v -0.935652 -0.669642 -0.042177
v -0.913101 -0.671985 -0.043670
v -0.929208 -0.670553 0.002613
v -0.907060 -0.671985 -0.003359
v -0.912698 -0.671204 0.045163
v -0.892161 -0.671985 0.034712
v -0.888537 -0.671334 0.083234
v -0.870416 -0.671985 0.069050
v -0.839811 -0.669902 0.131009
v -0.825314 -0.670032 0.113093
v -0.761689 -0.662612 0.178038
v -0.751622 -0.662742 0.157883
v -0.699272 -0.655581 0.204912
v -0.690816 -0.655842 0.184010
v -0.637661 -0.650504 0.228053
v -0.629607 -0.650764 0.206405
v -0.559539 -0.649332 0.259406
v -0.550277 -0.649462 0.239251
v -0.505981 -0.652717 0.287026
v -0.494705 -0.652977 0.267617
v -0.460074 -0.658315 0.321365
v -0.445577 -0.658836 0.304942
v -0.423429 -0.663913 0.362422
v -0.405308 -0.664434 0.349731
v -0.403697 -0.668210 0.411690
v -0.382355 -0.667429 0.405718
v -0.400476 -0.671855 0.463944
v -0.378328 -0.668210 0.466184
v -0.409738 -0.674850 0.497537
v -0.388798 -0.669121 0.505001
v -0.426248 -0.679927 0.528889
v -0.408530 -0.671985 0.540087
v -0.448799 -0.687739 0.557256
v -0.434302 -0.677714 0.571439
v -0.474974 -0.698414 0.583383
v -0.463296 -0.686306 0.598313
v -0.503162 -0.711564 0.608017
v -0.494303 -0.697503 0.623694
v -0.531350 -0.726666 0.631905
v -0.524907 -0.710913 0.646835
v -0.559539 -0.743070 0.655793
v -0.555512 -0.725624 0.669976
v -0.601821 -0.768848 0.693864
v -0.600613 -0.749449 0.706554
v -0.645714 -0.793845 0.737160
v -0.646117 -0.772624 0.746118
v -0.689608 -0.812332 0.784189
v -0.690413 -0.790200 0.789415
v -0.733098 -0.824440 0.831965
v -0.733501 -0.801526 0.834204
v -0.777797 -0.828736 0.880487
v -0.778199 -0.805692 0.880487
v -0.824106 -0.829648 0.933488
v -0.824912 -0.807124 0.928262
v -0.863167 -0.820144 0.976038
v -0.862362 -0.801136 0.963347
v 0.634036 0.831601 0.368394
v 0.633633 0.808557 0.367647
v 0.632828 0.798792 0.416915
v 0.634036 0.820925 0.421394
v 0.142754 0.133772 0.261645
v 0.153626 0.122966 0.270603
v 0.165304 0.128955 0.263885
v 0.155640 0.107604 0.261645
v 0.164902 0.112290 0.256420
v 0.146781 0.105390 0.245969
v 0.151613 0.107734 0.242237
v 0.139129 0.115675 0.242237
v 0.143156 0.117628 0.238504
v 0.164902 0.112290 0.064572
v 0.155640 0.107604 0.056360
v 0.009866 0.034175 0.056360
v -0.009061 0.024671 0.064572
v -0.015101 0.021547 0.088459
v -0.015101 0.021547 0.238504
v -0.001812 0.030530 0.097417
v -0.001812 0.030530 0.229546
v -0.004631 0.043289 0.228053
v 0.002617 0.032873 0.242237
v -0.000201 0.045502 0.238504
v 0.016712 0.039904 0.245969
v 0.013087 0.052142 0.242237
v 0.139129 0.115675 0.242237
v 0.151613 0.107734 0.078755
v 0.146781 0.105390 0.072783
v 0.017114 0.040034 0.072783
v 0.013087 0.052142 0.075769
v 0.002617 0.032873 0.078755
v -0.000201 0.045502 0.081741
v -0.004631 0.043289 0.098910
v 0.155640 0.107604 0.261645
v 0.009866 0.034045 0.261645
v 0.146781 0.105390 0.245969
v -0.009061 0.024671 0.256420
v 0.597794 -0.430479 -0.631159
v 0.596586 -0.433734 -0.613243
v 0.654573 -0.425272 -0.631159
v 0.648130 -0.428917 -0.613989
v 0.691218 -0.423449 -0.604285
v 0.700883 -0.419804 -0.620708
v 0.732695 -0.416419 -0.599806
v 0.720614 -0.420194 -0.584130
v 0.764508 -0.417330 -0.571439
v 0.749608 -0.420585 -0.556509
v 0.802361 -0.422408 -0.537101
v 0.787461 -0.427355 -0.525157
v 0.803569 -0.432953 -0.508734
v 0.820079 -0.433214 -0.522917
v 0.833368 -0.446884 -0.512466
v 0.819274 -0.450008 -0.496790
v 0.842227 -0.466933 -0.503508
v 0.843032 -0.492451 -0.502016
v 0.828133 -0.469928 -0.486339
v 0.828133 -0.495575 -0.484100
v 0.823703 -0.520572 -0.487086
v 0.838603 -0.517317 -0.505001
v 0.814844 -0.541924 -0.496044
v 0.828536 -0.536456 -0.513213
v 0.799139 -0.557026 -0.505748
v 0.812831 -0.551428 -0.522171
v 0.796320 -0.560020 -0.534861
v 0.781018 -0.564577 -0.522171
v 0.759273 -0.565749 -0.567707
v 0.744373 -0.568483 -0.552030
v 0.727058 -0.563796 -0.596820
v 0.714171 -0.566009 -0.581144
v 0.693634 -0.561583 -0.620708
v 0.683567 -0.563405 -0.604285
v 0.648130 -0.548824 -0.632652
v 0.641687 -0.551298 -0.615482
v 0.592962 -0.545829 -0.617722
v 0.139129 0.115675 0.075769
v 0.143156 0.117628 0.081741
v -0.140740 -0.068676 0.145193
v -0.142351 -0.074795 0.177292
v -0.131479 -0.054225 0.122051
v -0.140740 -0.070369 0.209391
v -0.131479 -0.056699 0.235518
v -0.109331 -0.034566 0.245969
v -0.110539 -0.034045 0.113840
v -0.085572 -0.009179 0.248955
v -0.087988 -0.010871 0.113840
v -0.065437 0.027015 0.249701
v -0.069464 0.024671 0.112347
v -0.030403 0.081565 0.248208
v -0.034430 0.080133 0.104882
v 0.017920 0.129476 0.245969
v 0.014295 0.128304 0.093685
v 0.085974 0.197696 0.246715
v 0.082350 0.195223 0.080994
v 0.101679 0.329451 0.236265
v 0.099263 0.326716 0.080248
v 0.119398 0.396890 0.234772
v 0.118190 0.394416 0.082487
v 0.125438 0.461986 0.234772
v 0.125438 0.473052 0.151165
v 0.124633 0.459903 0.083234
v 0.125841 0.491670 0.095178
v 0.126646 0.491800 0.225067
v 0.126646 0.518619 0.198193
v 0.126243 0.527342 0.160869
v 0.126243 0.517968 0.123544
v 0.158861 0.132080 0.079501
v 0.152821 0.112421 0.078755
v 0.156445 0.132600 0.145193
v 0.149197 0.111900 0.145193
v 0.152821 0.045502 0.078008
v 0.149197 0.048627 0.157883
v 0.148794 0.111900 0.166841
v 0.151210 0.045762 0.235518
v 0.150807 0.112941 0.236265
v 0.154029 0.006184 0.087713
v 0.152821 0.006184 0.225067
v 0.153224 -0.001237 0.116079
v 0.152418 -0.001237 0.194461
v 0.634439 0.800875 0.471409
v 0.632425 0.779784 0.463198
v 0.631620 0.762989 0.526650
v 0.628398 0.745414 0.512466
v 0.629204 0.732264 0.551284
v 0.623969 0.717683 0.533368
v 0.627593 0.676412 0.569946
v 0.617928 0.666387 0.550537
v 0.624774 0.618216 0.578904
v 0.606653 0.609493 0.560242
v 0.621150 0.531118 0.596820
v 0.605445 0.521484 0.580397
v 0.594170 -0.543746 -0.634891
v 0.592962 -0.545829 -0.617722
v 0.540612 -0.551818 -0.629666
v 0.544236 -0.553901 -0.613243
v 0.505175 -0.559369 -0.601299
v 0.497524 -0.557026 -0.616975
v 0.466919 -0.562364 -0.594580
v 0.477389 -0.564837 -0.578904
v 0.437120 -0.564317 -0.565467
v 0.449604 -0.567051 -0.550537
v 0.399267 -0.559890 -0.534861
v 0.413764 -0.563015 -0.520678
v 0.391214 -0.552469 -0.500523
v 0.378328 -0.547522 -0.514706
v 0.369066 -0.538409 -0.508734
v 0.377925 -0.538799 -0.490072
v 0.359401 -0.511719 -0.502016
v 0.356180 -0.488545 -0.499776
v 0.369066 -0.510547 -0.483353
v 0.366247 -0.487634 -0.481860
v 0.368663 -0.463548 -0.484846
v 0.358596 -0.464590 -0.502762
v 0.377119 -0.443629 -0.493804
v 0.368260 -0.444410 -0.513213
v 0.393630 -0.428527 -0.508734
v 0.379536 -0.430349 -0.525903
v 0.397254 -0.424360 -0.539340
v 0.412154 -0.427355 -0.525157
v 0.433899 -0.425011 -0.569946
v 0.446382 -0.428136 -0.555016
v 0.462893 -0.428396 -0.596820
v 0.473363 -0.431912 -0.581144
v 0.503564 -0.435687 -0.599806
v 0.495913 -0.432302 -0.616975
v 0.543431 -0.432432 -0.626680
v 0.547055 -0.435297 -0.609510
v 0.597794 -0.430479 -0.631159
v 0.169331 -0.089637 0.234025
v 0.130673 -0.092892 0.234772
v 0.164902 -0.035347 0.234025
v 0.126243 -0.038602 0.234025
v 0.607459 0.272296 0.912586
v 0.592962 0.272687 0.935727
v 0.477792 0.191838 0.860331
v 0.451617 0.208632 0.865557
v 0.441147 0.206159 0.877501
v 0.584102 0.267870 0.952896
v 0.578062 0.247430 0.970066
v 0.439537 0.193140 0.887205
v 0.429872 0.162935 0.899895
v 0.569606 0.192098 0.988728
v 0.566384 0.144838 0.997686
v 0.428664 0.117238 0.907360
v 0.564773 0.101745 1.002911
v 0.437120 0.066463 0.908107
v 0.564371 0.009829 1.025306
v 0.466920 -0.024151 0.908853
v 0.566787 -0.071671 1.047701
v 0.497121 -0.101224 0.911839
v 0.567592 -0.148093 1.071589
v 0.520075 -0.172309 0.924530
v 0.574438 -0.253549 1.102195
v 0.547860 -0.272817 0.948417
v 0.576854 -0.312135 1.114139
v 0.556719 -0.329841 0.958122
v 0.578465 -0.372153 1.123843
v 0.560746 -0.388818 0.964840
v 0.578062 -0.460293 1.134294
v 0.565981 -0.476047 0.970066
v 0.567592 -0.562364 1.144745
v 0.558330 -0.577466 0.979024
v 0.530142 -0.683312 1.157435
v 0.522088 -0.698024 0.993953
v 0.475376 -0.756610 1.166393
v 0.464906 -0.765333 1.003658
v 0.421013 -0.796970 1.172365
v 0.408932 -0.804130 1.014855
v 0.359401 -0.818581 1.177590
v 0.346515 -0.823659 1.022320
v 0.242621 -0.827044 1.187295
v 0.230137 -0.826784 1.031278
v 0.041276 -0.824831 1.202225
v 0.028792 -0.821055 1.046208
v -0.106914 -0.821315 1.212675
v -0.118592 -0.809208 1.057405
v -0.191882 -0.815978 1.218647
v -0.200741 -0.790069 1.064124
v -0.285709 -0.796970 1.225366
v -0.288125 -0.752965 1.074574
v -0.395241 -0.759995 1.235070
v -0.389201 -0.694769 1.091744
v -0.454839 -0.740466 1.238803
v -0.444369 -0.663393 1.101448
v -0.515243 -0.729270 1.235817
v -0.503162 -0.642302 1.105181
v -0.567995 -0.730832 1.225366
v -0.562357 -0.636313 1.099209
v -0.599002 -0.742549 1.208943
v -0.608264 -0.649462 1.079800
v -0.630412 -0.662481 1.066363
v -0.614707 -0.757131 1.194760
v -0.617929 -0.770801 1.177590
v -0.640882 -0.678625 1.046954
v -0.648533 -0.696982 1.025306
v -0.616318 -0.785382 1.155196
v -0.601418 -0.798402 1.132054
v -0.643701 -0.713907 1.004404
v -0.634842 -0.735779 0.979770
v -0.576049 -0.808947 1.103688
v -0.545444 -0.809468 1.074574
v -0.621150 -0.747757 0.955136
v -0.493095 -0.807645 1.030531
v -0.588532 -0.766765 0.916318
v -0.421416 -0.804781 0.967826
v -0.523699 -0.788637 0.852120
v -0.336851 -0.796709 0.893924
v -0.434705 -0.803349 0.772992
v -0.274434 -0.780826 0.837937
v -0.371482 -0.805692 0.719245
v 0.477792 0.191838 0.860331
v 0.499135 0.164497 0.861824
v 0.607459 0.272296 0.912586
v 0.628398 0.247950 0.895417
v 0.516853 0.133902 0.873022
v 0.649338 0.210716 0.885712
v 0.522894 0.118409 0.880487
v 0.665043 0.153171 0.886459
v 0.507591 0.086903 0.883473
v 0.664238 0.114113 0.886459
v 0.659003 -0.011001 0.902135
v 0.493094 -0.026234 0.895417
v 0.654171 -0.136246 0.915572
v 0.481014 -0.147572 0.891684
v 0.649338 -0.261360 0.908107
v 0.483430 -0.269042 0.883473
v 0.485041 -0.387646 0.890191
v 0.644103 -0.386605 0.901388
v 0.485443 -0.658315 0.873768
v 0.642895 -0.660529 0.873768
v 0.486651 -0.820274 0.878994
v 0.640882 -0.821836 0.880487
v 0.485041 -0.830038 0.845402
v 0.642090 -0.830299 0.847641
v 0.642090 -0.826653 -0.568453
v 0.485443 -0.827565 -0.566960
v 0.485041 -0.821576 -0.587862
v 0.641687 -0.820274 -0.590101
v 0.484638 -0.806604 -0.601299
v 0.640882 -0.806083 -0.603538
v 0.485041 -0.775097 -0.608017
v 0.640882 -0.776139 -0.608764
v 0.485846 -0.733436 -0.616975
v 0.641687 -0.735389 -0.616975
v 0.487054 -0.635662 -0.614736
v 0.642895 -0.637354 -0.613243
v 0.657392 -0.389209 -0.609510
v 0.506383 -0.385433 -0.604285
v 0.506786 -0.235061 -0.615482
v 0.656184 -0.237926 -0.619215
v 0.646117 -0.100313 -0.616975
v 0.505578 -0.099141 -0.619215
v 0.642090 0.044851 -0.606524
v 0.502759 0.044330 -0.609510
v 0.501551 0.102917 -0.607271
v 0.641687 0.103698 -0.605778
v 0.501148 0.146010 -0.605778
v 0.641687 0.146922 -0.605031
v 0.483833 0.170226 -0.603538
v 0.641687 0.172439 -0.602792
v 0.483833 0.185458 -0.599806
v 0.641687 0.188843 -0.599806
v 0.483833 0.194572 -0.598313
v 0.641687 0.198217 -0.597566
v 0.483833 0.201993 -0.599806
v 0.641687 0.204857 -0.598313
v 0.484235 0.212408 -0.606524
v 0.641687 0.214751 -0.605031
v 0.484235 0.214882 -0.616975
v 0.640479 0.219178 -0.613989
v 0.637258 0.209153 -0.631159
v 0.484638 0.200821 -0.636384
v 0.493497 0.155775 -0.686399
v 0.636855 0.176996 -0.660272
v 0.644103 0.131299 -0.689385
v 0.507591 0.108775 -0.723724
v 0.516048 0.080003 -0.743132
v 0.650546 0.099141 -0.703568
v 0.520880 0.050840 -0.758809
v 0.653768 0.066072 -0.714019
v 0.522894 0.007226 -0.779710
v 0.653768 0.015688 -0.726709
v 0.520075 -0.050189 -0.803598
v 0.648130 -0.051751 -0.741639
v 0.515645 -0.093413 -0.821514
v 0.640882 -0.101354 -0.753583
v 0.510007 -0.138329 -0.841669
v 0.633231 -0.150567 -0.767020
v -0.863167 -0.820144 0.976038
v -0.824106 -0.829648 0.933488
v -0.734306 -0.760386 1.051433
v -0.700883 -0.788767 1.026799
v -0.777797 -0.828736 0.880487
v -0.660211 -0.810249 0.987235
v -0.733098 -0.824440 0.831965
v -0.616721 -0.823919 0.940206
v -0.689608 -0.812332 0.784189
v -0.573633 -0.829387 0.890938
v -0.645714 -0.793845 0.737160
v -0.533364 -0.831210 0.841669
v -0.601821 -0.768848 0.693864
v -0.495511 -0.831601 0.791654
v -0.559539 -0.743070 0.655793
v -0.459671 -0.831470 0.738653
v -0.531350 -0.726666 0.631905
v -0.438329 -0.830819 0.700582
v -0.503162 -0.711564 0.608017
v -0.419000 -0.829908 0.662511
v -0.474974 -0.698414 0.583383
v -0.403295 -0.828476 0.623694
v -0.448799 -0.687739 0.557256
v -0.390811 -0.826914 0.584130
v -0.426248 -0.679927 0.528889
v -0.382355 -0.825221 0.545312
v -0.409738 -0.674850 0.497537
v -0.379536 -0.824049 0.506494
v -0.400476 -0.671855 0.463944
v -0.383160 -0.823008 0.468423
v -0.403697 -0.668210 0.411690
v -0.398462 -0.820274 0.413183
v -0.423429 -0.663913 0.362422
v -0.423832 -0.815717 0.362422
v -0.460074 -0.658315 0.321365
v -0.461282 -0.809338 0.319872
v -0.505981 -0.652717 0.287026
v -0.505578 -0.803089 0.283294
v -0.559539 -0.649332 0.259406
v -0.557122 -0.799834 0.254927
v -0.637661 -0.650504 0.228053
v -0.633231 -0.801787 0.223574
v -0.699272 -0.655581 0.204912
v -0.694843 -0.808036 0.201179
v -0.761689 -0.662612 0.178038
v -0.757662 -0.816629 0.175052
v -0.839811 -0.669902 0.131009
v -0.836992 -0.825872 0.129516
v -0.888537 -0.671334 0.083234
v -0.887329 -0.828346 0.081741
v -0.912698 -0.671204 0.045163
v -0.912698 -0.828216 0.042923
v -0.929208 -0.670553 0.002613
v -0.932027 -0.827825 0.000373
v -0.935652 -0.669642 -0.042177
v -0.943705 -0.827044 -0.045163
v -0.932430 -0.668731 -0.087713
v -0.948135 -0.825742 -0.092192
v -0.918738 -0.668600 -0.130263
v -0.944511 -0.824049 -0.139221
v -0.883704 -0.671204 -0.187743
v -0.927195 -0.820795 -0.207151
v -0.838200 -0.677974 -0.235518
v -0.900215 -0.817279 -0.271350
v -0.786656 -0.690473 -0.275082
v -0.864778 -0.813634 -0.328829
v -0.706521 -0.717032 -0.328829
v -0.803972 -0.809077 -0.404225
v -0.613499 -0.752965 -0.393028
v -0.722226 -0.805953 -0.488579
v -0.526921 -0.782388 -0.460212
v -0.634439 -0.804781 -0.568453
v -0.449604 -0.798402 -0.525157
v -0.553901 -0.804651 -0.639370
v -0.379536 -0.804000 -0.584130
v -0.480611 -0.804651 -0.702822
v -0.299803 -0.804521 -0.649074
v -0.396449 -0.804651 -0.771499
v -0.201547 -0.804651 -0.724470
v -0.292555 -0.804651 -0.850627
v -0.108525 -0.804651 -0.787922
v -0.193493 -0.804651 -0.918558
v 0.052148 -0.804260 -0.881233
v -0.023155 -0.804521 -1.017841
v 0.224902 -0.803479 -0.962601
v 0.156042 -0.803870 -1.105181
v 0.324770 -0.802698 -1.002165
v 0.259534 -0.803089 -1.146984
v 0.415375 -0.797621 -1.035757
v 0.352958 -0.800485 -1.181323
v 0.474973 -0.789549 -1.056659
v 0.414167 -0.786945 -1.201478
v 0.533766 -0.780956 -1.076067
v 0.474168 -0.769890 -1.219394
v 0.589740 -0.770801 -1.092490
v 0.530142 -0.744893 -1.232084
v 0.640882 -0.752053 -1.103688
v 0.579673 -0.709871 -1.238056
v 0.681554 -0.715339 -1.104434
v 0.614707 -0.663132 -1.232084
v 0.708936 -0.667819 -1.092490
v 0.634841 -0.612097 -1.214915
v 0.716990 -0.634100 -1.077560
v 0.638063 -0.578898 -1.196999
v 0.714574 -0.586710 -1.046954
v 0.629606 -0.534503 -1.164153
v 0.702493 -0.543356 -1.011123
v 0.611485 -0.495445 -1.125336
v 0.684775 -0.502345 -0.973052
v 0.586519 -0.459252 -1.083532
v 0.657795 -0.445972 -0.921544
v 0.551082 -0.410039 -1.026799
v 0.633633 -0.383741 -0.874515
v 0.522088 -0.355229 -0.973798
v 0.623566 -0.335049 -0.843909
v 0.509605 -0.310703 -0.938713
v 0.620747 -0.285446 -0.817781
v 0.504370 -0.264485 -0.908107
v 0.623969 -0.217746 -0.789415
v 0.504370 -0.201342 -0.871529
v 0.633231 -0.150567 -0.767020
v 0.510007 -0.138329 -0.841669
v 0.156445 0.124268 0.236265
v 0.155237 0.124398 0.168334
v 0.157251 0.132600 0.237011
v 0.156042 0.132731 0.168334
v 0.152821 0.137548 0.237011
v 0.152016 0.134814 0.168334
v 0.775380 0.199519 -0.525903
v 0.792696 0.200170 -0.539340
v 0.736722 0.200040 -0.558002
v 0.750816 0.204336 -0.573679
v 0.711755 0.199910 -0.584130
v 0.724641 0.203815 -0.599806
v 0.682359 0.196915 -0.608017
v 0.692426 0.200821 -0.624440
v 0.645714 0.194051 -0.643102
v 0.639674 0.190666 -0.625933
v 0.592962 0.186370 -0.632652
v 0.594170 0.189234 -0.649821
v 0.548263 0.189104 -0.626680
v 0.545041 0.192098 -0.643849
v 0.510007 0.195093 -0.608764
v 0.502356 0.198478 -0.625187
v 0.469336 0.201993 -0.598313
v 0.479806 0.198608 -0.582637
v 0.449201 0.200821 -0.550537
v 0.436718 0.201342 -0.566214
v 0.411751 0.196785 -0.519185
v 0.397254 0.196915 -0.533368
v 0.391214 0.187672 -0.504255
v 0.377925 0.187151 -0.518438
v 0.362623 0.168533 -0.507987
v 0.375911 0.169314 -0.493058
v 0.354569 0.149395 -0.503508
v 0.367858 0.149656 -0.489325
v 0.352555 0.127653 -0.501269
v 0.366247 0.126351 -0.487086
v 0.356985 0.101745 -0.503508
v 0.370677 0.100443 -0.490818
v 0.365039 0.083388 -0.509480
v 0.379536 0.079352 -0.496044
v 0.379536 0.079352 0.784936
v 0.395241 0.064510 0.796133
v 0.365039 0.083388 0.798373
v 0.379938 0.067635 0.810317
v 0.399268 0.058261 0.823753
v 0.413764 0.055006 0.808824
v 0.450007 0.050059 0.839430
v 0.437523 0.052793 0.855106
v 0.479806 0.052012 0.870782
v 0.469336 0.054355 0.886459
v 0.509605 0.056699 0.897656
v 0.501954 0.058782 0.914079
v 0.545041 0.066854 0.931995
v 0.548263 0.064640 0.914825
v 0.593364 0.068806 0.920051
v 0.594572 0.071020 0.937967
v 0.645714 0.066984 0.930502
v 0.640076 0.064901 0.913332
v 0.681554 0.058131 0.896910
v 0.691621 0.060084 0.912586
v 0.713366 0.053834 0.871529
v 0.726655 0.056178 0.887205
v 0.744776 0.049668 0.840923
v 0.759676 0.052272 0.856599
v 0.781421 0.055527 0.808824
v 0.797931 0.058782 0.823753
v 0.804777 0.065942 0.787922
v 0.818871 0.081956 0.778217
v 0.814039 0.066333 0.810317
v 0.828938 0.082346 0.799119
v 0.838603 0.105000 0.790908
v 0.827328 0.104479 0.769259
v 0.841824 0.129215 0.790908
v 0.829341 0.131689 0.768513
v 0.825717 0.157076 0.772992
v 0.816858 0.174522 0.780457
v 0.839811 0.154473 0.791654
v 0.829341 0.174913 0.799119
v 0.802361 0.191317 0.791654
v 0.812025 0.188974 0.814049
v 0.792696 0.200170 0.828232
v 0.153224 0.136246 0.080248
v 0.152016 0.135725 0.145193
v 0.169734 -0.084169 0.081741
v 0.165304 -0.029488 0.081741
v 0.130673 -0.087294 0.082487
v 0.126243 -0.032743 0.081741
v 0.775380 0.199519 0.814795
v 0.736722 0.200040 0.846895
v 0.792696 0.200170 0.828232
v 0.750816 0.204336 0.862571
v 0.711755 0.199910 0.873022
v 0.724641 0.203815 0.888698
v 0.682359 0.196915 0.896910
v 0.692426 0.200821 0.913332
v 0.645714 0.194051 0.931995
v 0.639674 0.190666 0.914825
v 0.592962 0.186370 0.921544
v 0.594170 0.189234 0.938713
v 0.548263 0.189104 0.915572
v 0.545041 0.192098 0.932741
v 0.510007 0.195093 0.897656
v 0.502356 0.198478 0.914079
v 0.469336 0.201993 0.887205
v 0.479806 0.198608 0.871529
v 0.449201 0.200821 0.839430
v 0.436718 0.201342 0.855106
v 0.411751 0.196785 0.808077
v 0.397254 0.196915 0.822260
v 0.391214 0.187672 0.793147
v 0.377925 0.187151 0.807331
v 0.362623 0.168533 0.796880
v 0.375911 0.169314 0.781950
v 0.354569 0.149395 0.792401
v 0.367858 0.149656 0.778217
v 0.352555 0.127653 0.790161
v 0.366247 0.126351 0.775978
v 0.356985 0.101745 0.792401
v 0.370677 0.100443 0.779710
v 0.365039 0.083388 0.798373
v 0.476987 0.583846 0.613989
v 0.467725 0.656492 0.566214
v 0.465309 0.570436 0.604285
v 0.466517 0.649072 0.544566
v 0.470544 0.706747 0.541580
v 0.465711 0.691514 0.525157
v 0.470544 0.746716 0.511720
v 0.468128 0.730311 0.496044
v 0.468530 0.767025 0.487832
v 0.468128 0.749970 0.473649
v 0.469336 0.800355 0.438564
v 0.469336 0.779133 0.428859
v 0.470544 0.794886 0.386309
v 0.469738 0.816628 0.392281
v 0.379536 0.079352 -0.496044
v 0.365039 0.083388 -0.509480
v 0.395241 0.064510 -0.507241
v 0.379938 0.067635 -0.521424
v 0.399268 0.058261 -0.534861
v 0.413764 0.055006 -0.519931
v 0.450007 0.050059 -0.550537
v 0.437523 0.052793 -0.566214
v 0.479806 0.052012 -0.581890
v 0.469336 0.054355 -0.597566
v 0.509605 0.056699 -0.608764
v 0.501954 0.058782 -0.625187
v 0.545041 0.066854 -0.643102
v 0.548263 0.064640 -0.625933
v 0.593364 0.068806 -0.631159
v 0.594572 0.071020 -0.649074
v 0.645714 0.066984 -0.641609
v 0.640076 0.064901 -0.624440
v 0.681554 0.058131 -0.608017
v 0.691621 0.060084 -0.623694
v 0.713366 0.053834 -0.582637
v 0.726655 0.056178 -0.598313
v 0.744776 0.049668 -0.552030
v 0.759676 0.052272 -0.567707
v 0.781421 0.055527 -0.519931
v 0.797931 0.058782 -0.534861
v 0.804777 0.065942 -0.499030
v 0.814039 0.066333 -0.521424
v 0.828938 0.082346 -0.510227
v 0.818871 0.081956 -0.489325
v 0.838603 0.105000 -0.502016
v 0.827328 0.104479 -0.480367
v 0.841824 0.129215 -0.502016
v 0.829341 0.131689 -0.479621
v 0.825717 0.157076 -0.484100
v 0.816858 0.174522 -0.491565
v 0.839811 0.154473 -0.502762
v 0.829341 0.174913 -0.510227
v 0.802361 0.191317 -0.502762
v 0.812025 0.188974 -0.525157
v 0.792696 0.200170 -0.539340
v 0.607459 0.272296 0.912586
v 0.607459 0.283232 0.892431
v 0.592962 0.272687 0.935727
v 0.594975 0.291565 0.913332
v 0.582492 0.293908 0.933488
v 0.584102 0.267870 0.952896
v 0.573633 0.287529 0.955136
v 0.565579 0.256804 0.980517
v 0.578062 0.247430 0.970066
v 0.569606 0.192098 0.988728
v 0.556317 0.199389 1.002165
v 0.566384 0.144838 0.997686
v 0.551887 0.145359 1.016348
v 0.564773 0.101745 1.002911
v 0.549874 0.099662 1.022320
v 0.546250 0.007095 1.040236
v 0.564371 0.009829 1.025306
v 0.546250 -0.074535 1.058152
v 0.566787 -0.071671 1.047701
v 0.545847 -0.150827 1.079053
v 0.567592 -0.148093 1.071589
v 0.551887 -0.255502 1.105927
v 0.574438 -0.253549 1.102195
v 0.554303 -0.313567 1.117124
v 0.576854 -0.312135 1.114139
v 0.555914 -0.372804 1.126082
v 0.578465 -0.372153 1.123843
v 0.555109 -0.459382 1.135787
v 0.578062 -0.460293 1.134294
v 0.545444 -0.557937 1.145491
v 0.567592 -0.562364 1.144745
v 0.510813 -0.671465 1.156689
v 0.530142 -0.683312 1.157435
v 0.461282 -0.738644 1.165646
v 0.475376 -0.756610 1.166393
v 0.412556 -0.776399 1.171618
v 0.421013 -0.796970 1.172365
v 0.355777 -0.796970 1.176844
v 0.359401 -0.818581 1.177590
v 0.242218 -0.804260 1.187295
v 0.242621 -0.827044 1.187295
v 0.041276 -0.824831 1.202225
v 0.041276 -0.802047 1.202225
v -0.106109 -0.798532 1.213422
v -0.106914 -0.821315 1.212675
v -0.188661 -0.793845 1.220887
v -0.191882 -0.815978 1.218647
v -0.278863 -0.776399 1.231338
v -0.285709 -0.796970 1.225366
v -0.386784 -0.741378 1.244028
v -0.395241 -0.759995 1.235070
v -0.448396 -0.722370 1.250000
v -0.454839 -0.740466 1.238803
v -0.514840 -0.711303 1.249254
v -0.515243 -0.729270 1.235817
v -0.576049 -0.714818 1.238803
v -0.567995 -0.730832 1.225366
v -0.615110 -0.731874 1.220140
v -0.599002 -0.742549 1.208943
v -0.614707 -0.757131 1.194760
v -0.633634 -0.752053 1.202971
v -0.639674 -0.771322 1.182816
v -0.617929 -0.770801 1.177590
v -0.616318 -0.785382 1.155196
v -0.635647 -0.792803 1.156689
v -0.618734 -0.812723 1.130561
v -0.601418 -0.798402 1.132054
v -0.576049 -0.808947 1.103688
v -0.587727 -0.827044 1.100702
v -0.551887 -0.831210 1.070842
v -0.545444 -0.809468 1.074574
v -0.496316 -0.830299 1.028292
v -0.493095 -0.807645 1.030531
v -0.422221 -0.827825 0.967080
v -0.421416 -0.804781 0.967826
v -0.334032 -0.819493 0.893924
v -0.336851 -0.796709 0.893924
v -0.267991 -0.802958 0.837937
v -0.274434 -0.780826 0.837937
v -0.369066 -0.828476 0.720738
v -0.434705 -0.826393 0.773738
v -0.371482 -0.805692 0.719245
v -0.434705 -0.803349 0.772992
v -0.528934 -0.811160 0.852120
v -0.523699 -0.788637 0.852120
v -0.599002 -0.787466 0.914079
v -0.588532 -0.766765 0.916318
v -0.635244 -0.765593 0.952150
v -0.621150 -0.747757 0.955136
v -0.634842 -0.735779 0.979770
v -0.652157 -0.749449 0.978277
v -0.664238 -0.723151 1.004404
v -0.643701 -0.713907 1.004404
v -0.648533 -0.696982 1.025306
v -0.669473 -0.700237 1.028292
v -0.662225 -0.675761 1.052180
v -0.640882 -0.678625 1.046954
v -0.630412 -0.662481 1.066363
v -0.648533 -0.654670 1.074574
v -0.622358 -0.636703 1.090997
v -0.608264 -0.649462 1.079800
v -0.567592 -0.618867 1.111899
v -0.562357 -0.636313 1.099209
v -0.499538 -0.624205 1.117124
v -0.503162 -0.642302 1.105181
v -0.435107 -0.645947 1.111153
v -0.444369 -0.663393 1.101448
v -0.377522 -0.677323 1.099955
v -0.389201 -0.694769 1.091744
v -0.278058 -0.733696 1.079800
v -0.288125 -0.752965 1.074574
v -0.194701 -0.768718 1.067110
v -0.200741 -0.790069 1.064124
v -0.116176 -0.786815 1.058898
v -0.118592 -0.809208 1.057405
v 0.029195 -0.798271 1.046954
v 0.028792 -0.821055 1.046208
v 0.230137 -0.826784 1.031278
v 0.230137 -0.803870 1.031278
v 0.344099 -0.801006 1.022320
v 0.346515 -0.823659 1.022320
v 0.401684 -0.782518 1.014855
v 0.408932 -0.804130 1.014855
v 0.452020 -0.746716 1.004404
v 0.464906 -0.765333 1.003658
v 0.502759 -0.685916 0.993953
v 0.522088 -0.698024 0.993953
v 0.536182 -0.573170 0.980517
v 0.558330 -0.577466 0.979024
v 0.543431 -0.475526 0.972305
v 0.565981 -0.476047 0.970066
v 0.538196 -0.390250 0.967080
v 0.560746 -0.388818 0.964840
v 0.534169 -0.332185 0.961108
v 0.556719 -0.329841 0.958122
v 0.525310 -0.275812 0.952896
v 0.547860 -0.272817 0.948417
v 0.498732 -0.176605 0.932741
v 0.520075 -0.172309 0.924530
v 0.478195 -0.106171 0.924530
v 0.497121 -0.101224 0.911839
v 0.451215 -0.029488 0.926023
v 0.466920 -0.024151 0.908853
v 0.425845 0.062167 0.931248
v 0.437120 0.066463 0.908107
v 0.428664 0.117238 0.907360
v 0.417389 0.115675 0.929755
v 0.429872 0.162935 0.899895
v 0.416986 0.167101 0.916318
v 0.439537 0.193140 0.887205
v 0.427053 0.204336 0.901388
v 0.446382 0.231546 0.862571
v 0.441147 0.206159 0.877501
v 0.451617 0.208632 0.865557
v 0.462490 0.227120 0.851374
v 0.477792 0.191838 0.860331
v 0.485041 -0.803740 0.843909
v 0.485846 -0.796319 0.854360
v 0.642493 -0.803870 0.845402
v 0.642090 -0.797100 0.854360
v 0.642895 -0.660529 0.846148
v 0.485443 -0.658445 0.846148
v 0.485041 -0.387256 0.862571
v 0.644103 -0.386084 0.873768
v 0.482624 -0.268391 0.855852
v 0.648936 -0.260449 0.880487
v 0.653365 -0.134944 0.887952
v 0.479000 -0.146531 0.863317
v 0.658197 -0.009309 0.874515
v 0.490678 -0.024932 0.866303
v 0.663030 0.116326 0.858092
v 0.504370 0.088465 0.853613
v 0.519672 0.120883 0.851374
v 0.663835 0.155905 0.858838
v 0.515242 0.140803 0.845402
v 0.648936 0.216444 0.859585
v 0.499135 0.175954 0.836444
v 0.628801 0.255892 0.870782
v 0.478598 0.208372 0.840923
v 0.607459 0.283232 0.892431
v 0.470544 0.823659 0.342266
v 0.471349 0.801136 0.340027
v 0.485041 0.712345 -0.273589
v 0.485041 0.695680 -0.257166
v -0.371482 -0.805692 0.719245
v -0.298595 -0.807906 0.660272
v -0.369066 -0.828476 0.720738
v -0.293360 -0.829518 0.664751
v -0.204768 -0.811160 0.589355
v -0.195909 -0.829908 0.599059
v -0.124633 -0.814155 0.536354
v -0.114566 -0.829257 0.549791
v -0.042484 -0.818451 0.489325
v -0.032014 -0.829387 0.505748
v 0.014698 -0.821055 0.459466
v 0.026376 -0.828867 0.477381
v 0.069061 -0.822487 0.426620
v 0.083558 -0.827304 0.443789
v 0.099666 -0.822617 0.400493
v 0.116981 -0.825482 0.414676
v 0.130673 -0.821966 0.349731
v 0.151613 -0.822617 0.357943
v 0.148794 -0.821836 0.270603
v 0.171747 -0.821706 0.272843
v 0.149197 -0.823138 0.187743
v 0.172150 -0.823008 0.186250
v 0.142754 -0.824440 0.125037
v 0.165707 -0.824440 0.122051
v 0.132686 -0.825612 0.062332
v 0.155237 -0.825612 0.058600
v 0.116981 -0.826914 -0.022021
v 0.139532 -0.826914 -0.026500
v 0.098055 -0.827304 -0.104136
v 0.119800 -0.827565 -0.110107
v 0.079129 -0.827434 -0.165348
v 0.100874 -0.827955 -0.172813
v 0.052954 -0.827434 -0.222828
v 0.072685 -0.828085 -0.233279
v 0.002215 -0.827434 -0.289265
v 0.018322 -0.828346 -0.305688
v -0.066645 -0.827434 -0.336294
v -0.057786 -0.828346 -0.357196
v -0.127854 -0.827434 -0.354210
v -0.125438 -0.827825 -0.377351
v -0.192688 -0.827044 -0.351224
v -0.197117 -0.825742 -0.373619
v -0.255507 -0.826653 -0.333308
v -0.265574 -0.822748 -0.353464
v -0.312287 -0.826653 -0.299716
v -0.325978 -0.819102 -0.316886
v -0.379133 -0.827304 -0.242983
v -0.393227 -0.814285 -0.254927
v -0.422221 -0.827304 -0.196701
v -0.435510 -0.810900 -0.204912
v -0.460879 -0.827434 -0.146686
v -0.471752 -0.808296 -0.152658
v -0.508800 -0.827434 -0.076515
v -0.516451 -0.806083 -0.079501
v -0.543028 -0.827434 -0.021275
v -0.547861 -0.805172 -0.022768
v -0.575243 -0.827434 0.034712
v -0.578062 -0.804781 0.033965
v -0.632426 -0.827304 0.137728
v -0.632828 -0.804390 0.137728
v -0.667460 -0.826653 0.203419
v -0.667862 -0.803740 0.203419
v -0.718199 -0.823789 0.303449
v -0.718199 -0.801005 0.303449
v -0.780213 -0.818972 0.433338
v -0.780213 -0.796188 0.433338
v -0.805582 -0.815066 0.492311
v -0.805180 -0.792413 0.490818
v -0.830147 -0.807255 0.551284
v -0.829341 -0.784862 0.547552
v -0.853503 -0.792413 0.608764
v -0.852697 -0.770931 0.602792
v -0.875248 -0.772493 0.666244
v -0.875651 -0.752053 0.657286
v -0.895382 -0.749580 0.721484
v -0.898201 -0.729921 0.711780
v -0.914309 -0.727447 0.777471
v -0.919544 -0.708048 0.767767
v -0.930014 -0.711564 0.836444
v -0.938470 -0.692035 0.830472
v -0.939276 -0.707658 0.895417
v -0.950954 -0.688780 0.896163
v -0.939678 -0.714168 0.927516
v -0.952565 -0.697112 0.933488
v -0.936457 -0.724713 0.951403
v -0.949343 -0.710652 0.963347
v -0.924779 -0.746195 0.975291
v -0.936054 -0.740076 0.993207
v -0.907060 -0.770150 0.984996
v -0.914712 -0.774577 1.006644
v -0.890550 -0.785903 0.982010
v -0.894980 -0.797360 1.002165
v -0.862362 -0.801136 0.963347
v -0.863167 -0.820144 0.976038
v 0.515645 0.358874 0.899149
v 0.435510 0.358483 0.869289
v 0.517659 0.358874 0.890938
v 0.439134 0.358483 0.861824
v 0.524907 0.411471 0.864064
v 0.452423 0.411992 0.837937
v 0.363428 0.357051 0.823007
v 0.368260 0.357051 0.817035
v 0.386381 0.412383 0.796133
v 0.307051 0.357181 0.756569
v 0.328797 0.412513 0.740146
v 0.256312 0.356791 0.681920
v 0.280877 0.412122 0.669230
v 0.214433 0.356140 0.591594
v 0.241010 0.411602 0.581890
v 0.180607 0.355489 0.483353
v 0.208392 0.411211 0.476635
v 0.154432 0.355229 0.368394
v 0.184633 0.411211 0.363915
v 0.170942 0.411081 0.253434
v 0.172553 0.355489 0.485593
v 0.206781 0.356010 0.594580
v 0.249064 0.356791 0.686399
v 0.300608 0.357181 0.761795
v 0.146378 0.355229 0.369887
v 0.131478 0.355098 0.256420
v 0.139935 0.355098 0.255673
v 0.129062 0.355098 0.142953
v 0.137519 0.355229 0.142953
v 0.136713 0.355359 0.025754
v 0.145170 0.355489 0.026500
v 0.161277 0.361738 -0.090699
v 0.174164 0.411471 0.028740
v 0.189868 0.417590 -0.085473
v 0.167318 0.411211 0.143700
v -0.267991 -0.802958 0.837937
v -0.334032 -0.819493 0.893924
v -0.369066 -0.828476 0.720738
v -0.434705 -0.826393 0.773738
v -0.422221 -0.827825 0.967080
v -0.528934 -0.811160 0.852120
v -0.496316 -0.830299 1.028292
v -0.599002 -0.787466 0.914079
v -0.551887 -0.831210 1.070842
v -0.635244 -0.765593 0.952150
v -0.587727 -0.827044 1.100702
v -0.652157 -0.749449 0.978277
v -0.664238 -0.723151 1.004404
v -0.618734 -0.812723 1.130561
v -0.635647 -0.792803 1.156689
v -0.669473 -0.700237 1.028292
v -0.662225 -0.675761 1.052180
v -0.639674 -0.771322 1.182816
v -0.633634 -0.752053 1.202971
v -0.648533 -0.654670 1.074574
v -0.622358 -0.636703 1.090997
v -0.615110 -0.731874 1.220140
v -0.576049 -0.714818 1.238803
v -0.567592 -0.618867 1.111899
v -0.514840 -0.711303 1.249254
v -0.499538 -0.624205 1.117124
v -0.448396 -0.722370 1.250000
v -0.435107 -0.645947 1.111153
v -0.386784 -0.741378 1.244028
v -0.377522 -0.677323 1.099955
v -0.278863 -0.776399 1.231338
v -0.278058 -0.733696 1.079800
v -0.188661 -0.793845 1.220887
v -0.194701 -0.768718 1.067110
v -0.106109 -0.798532 1.213422
v -0.116176 -0.786815 1.058898
v 0.041276 -0.802047 1.202225
v 0.029195 -0.798271 1.046954
v 0.242218 -0.804260 1.187295
v 0.230137 -0.803870 1.031278
v 0.355777 -0.796970 1.176844
v 0.344099 -0.801006 1.022320
v 0.412556 -0.776399 1.171618
v 0.401684 -0.782518 1.014855
v 0.461282 -0.738644 1.165646
v 0.452020 -0.746716 1.004404
v 0.510813 -0.671465 1.156689
v 0.502759 -0.685916 0.993953
v 0.545444 -0.557937 1.145491
v 0.536182 -0.573170 0.980517
v 0.555109 -0.459382 1.135787
v 0.543431 -0.475526 0.972305
v 0.555914 -0.372804 1.126082
v 0.538196 -0.390250 0.967080
v 0.554303 -0.313567 1.117124
v 0.534169 -0.332185 0.961108
v 0.551887 -0.255502 1.105927
v 0.525310 -0.275812 0.952896
v 0.545847 -0.150827 1.079053
v 0.498732 -0.176605 0.932741
v 0.546250 -0.074535 1.058152
v 0.478195 -0.106171 0.924530
v 0.546250 0.007095 1.040236
v 0.451215 -0.029488 0.926023
v 0.549874 0.099662 1.022320
v 0.425845 0.062167 0.931248
v 0.551887 0.145359 1.016348
v 0.417389 0.115675 0.929755
v 0.556317 0.199389 1.002165
v 0.416986 0.167101 0.916318
v 0.565579 0.256804 0.980517
v 0.427053 0.204336 0.901388
v 0.436718 0.229854 0.880487
v 0.573633 0.287529 0.955136
v 0.582492 0.293908 0.933488
v 0.446382 0.231546 0.862571
v 0.462490 0.227120 0.851374
v 0.594975 0.291565 0.913332
v 0.478598 0.208372 0.840923
v 0.212822 0.418502 -0.195207
v 0.185842 0.362519 -0.201926
v 0.217654 0.360306 -0.305688
v 0.210003 0.363691 -0.309421
v 0.251883 0.360957 -0.398253
v 0.177788 0.365774 -0.204165
v 0.153224 0.361608 -0.092192
v 0.243426 0.412122 -0.295237
v 0.258729 0.360957 -0.393774
v 0.282487 0.412253 -0.379591
v 0.308662 0.358353 -0.466184
v 0.329602 0.412513 -0.449015
v 0.369871 0.356661 -0.525157
v 0.386381 0.412643 -0.504255
v 0.440745 0.356661 -0.568453
v 0.451617 0.412643 -0.545312
v 0.516853 0.360176 -0.593834
v 0.523699 0.412513 -0.569946
v 0.599002 0.360176 -0.603538
v 0.599405 0.412253 -0.578904
v 0.675111 0.411862 -0.570693
v 0.302622 0.358223 -0.471409
v 0.364636 0.356661 -0.531875
v 0.437523 0.356530 -0.575918
v 0.515242 0.360176 -0.602045
v 0.599002 0.360176 -0.611750
v 0.683164 0.360306 -0.605031
v 0.681151 0.360306 -0.596820
v 0.761689 0.359915 -0.576665
v 0.758065 0.359915 -0.569200
v 0.834576 0.359265 -0.534861
v 0.829341 0.359395 -0.528143
v 0.892563 0.359915 -0.472902
v 0.886120 0.360046 -0.467677
v 0.932430 0.360046 -0.395267
v 0.924376 0.360046 -0.392281
v 0.950551 0.360176 -0.302702
v 0.942497 0.360176 -0.301956
v 0.947329 0.360306 -0.197447
v 0.938873 0.360306 -0.197447
v 0.924376 0.360046 -0.084727
v 0.909476 0.411341 -0.197447
v 0.895382 0.411471 -0.086966
v 0.746789 0.411602 -0.546059
v 0.810817 0.411341 -0.505748
v 0.862362 0.411211 -0.450508
v 0.897396 0.411081 -0.381084
v 0.913101 0.411081 -0.296730
v 0.881288 0.411732 0.027993
v 0.909879 0.360046 0.029486
v 0.902228 0.359134 0.142207
v 0.910684 0.359134 0.142207
v 0.914711 0.359785 0.251194
v 0.918336 0.360046 0.030233
v 0.932832 0.360046 -0.083980
v 0.873637 0.411992 0.142207
v 0.906658 0.359785 0.251941
v 0.877664 0.411992 0.253434
v 0.919141 0.359134 0.361675
v 0.890147 0.411992 0.363915
v 0.905852 0.411602 0.475888
v 0.927597 0.359134 0.360929
v 0.943302 0.359134 0.475888
v 0.935249 0.359134 0.475888
v 0.948940 0.360046 0.586369
v 0.940886 0.360046 0.585623
v 0.932430 0.359525 0.683413
v 0.924376 0.359525 0.680427
v 0.893771 0.359915 0.763288
v 0.886926 0.359915 0.758809
v 0.835381 0.357963 0.826739
v 0.830146 0.357963 0.820021
v 0.763702 0.359395 0.872275
v 0.760078 0.359395 0.864810
v 0.683567 0.359004 0.899895
v 0.681956 0.359004 0.892431
v 0.599807 0.360306 0.901388
v 0.675916 0.410951 0.864064
v 0.600210 0.411081 0.873022
v 0.911490 0.411211 0.581144
v 0.896993 0.410820 0.669976
v 0.862764 0.410690 0.741639
v 0.811220 0.410820 0.797626
v 0.747595 0.410820 0.838683
v 0.167720 -0.188583 0.229546
v 0.168123 -0.221522 0.195954
v 0.166110 -0.138719 0.237011
v 0.166110 -0.138329 0.080994
v 0.160069 -0.055787 0.079501
v 0.159667 -0.056308 0.236265
v 0.152821 0.000065 0.078008
v 0.150807 0.006184 0.154897
v 0.148391 0.078831 0.139967
v 0.148391 0.078961 0.170573
v 0.147989 0.086643 0.146686
v 0.147989 0.086773 0.164601
v 0.151210 0.000065 0.235518
v 0.146781 0.075707 0.235518
v 0.145573 0.106953 0.167587
v 0.144767 0.106562 0.236265
v 0.143559 0.127132 0.168334
v 0.143156 0.127002 0.236265
v 0.146781 0.134293 0.168334
v 0.152821 0.137548 0.237011
v 0.152016 0.134814 0.168334
v 0.149197 0.111900 0.145193
v 0.165304 0.110468 0.145939
v 0.156445 0.132600 0.145193
v 0.170137 0.133772 0.145193
v 0.152016 0.135725 0.145193
v 0.166110 0.143276 0.145193
v 0.150807 0.148614 0.145193
v 0.147183 0.134163 0.145193
v 0.138324 0.141714 0.145193
v 0.143559 0.127002 0.144446
v 0.131478 0.127914 0.144446
v 0.131478 0.107083 0.143700
v 0.145975 0.106822 0.143700
v 0.131478 0.087033 0.146686
v 0.147989 0.086643 0.146686
v 0.148391 0.075316 0.078008
v 0.146781 0.106171 0.078755
v 0.145975 0.106822 0.143700
v 0.144767 0.126481 0.079501
v 0.143559 0.127002 0.144446
v 0.153224 0.136246 0.080248
v 0.147183 0.134163 0.145193
v 0.523296 -0.798141 0.860331
v 0.598197 -0.799183 0.869289
v 0.524907 0.411471 0.864064
v 0.673097 -0.800094 0.861824
v 0.745179 -0.800485 0.837937
v 0.809609 -0.800745 0.798373
v 0.861556 -0.801006 0.744625
v 0.896590 -0.801396 0.675202
v 0.912698 -0.801657 0.588609
v 0.909476 -0.801787 0.484100
v 0.895382 -0.801136 0.371380
v 0.882496 -0.801266 0.258659
v 0.878066 -0.802828 0.145193
v 0.883301 -0.804651 0.029486
v 0.897798 -0.803089 -0.086220
v 0.911490 -0.803089 -0.196701
v 0.914711 -0.800485 -0.295237
v 0.898604 -0.797621 -0.378098
v 0.863570 -0.796319 -0.446775
v 0.812831 -0.795407 -0.502762
v 0.750011 -0.801266 -0.546805
v 0.679137 -0.802438 -0.575172
v 0.603432 -0.801526 -0.586369
v 0.527323 -0.800875 -0.577411
v 0.454436 -0.800355 -0.550537
v 0.387992 -0.799573 -0.508734
v 0.330407 -0.799313 -0.450508
v 0.282085 -0.799704 -0.377351
v 0.241815 -0.801006 -0.287772
v 0.208392 -0.802568 -0.184757
v 0.184231 -0.803219 -0.073529
v 0.168929 -0.802828 0.040684
v 0.164096 -0.801917 0.154150
v 0.170137 -0.801526 0.264631
v 0.186244 -0.801787 0.373619
v 0.212016 -0.801787 0.482607
v 0.245842 -0.800355 0.583383
v 0.285709 -0.798402 0.668483
v 0.332421 -0.797100 0.738653
v 0.387992 -0.796839 0.793147
v 0.452020 -0.797230 0.834204
v 0.523296 -0.798141 0.860331
v 0.154029 0.006184 0.087713
v 0.168123 0.004752 0.087713
v 0.153224 -0.001237 0.116079
v 0.167720 -0.002539 0.116079
v 0.166915 -0.002539 0.194461
v 0.152418 -0.001237 0.194461
v 0.166512 0.004752 0.225067
v 0.152821 0.006184 0.225067
v 0.487859 0.564186 -0.349731
v 0.485443 0.639828 -0.318379
v 0.643298 0.569524 -0.339280
v 0.641687 0.644515 -0.310167
v 0.485041 0.679146 -0.299716
v 0.640479 0.684744 -0.285533
v 0.639674 0.719115 -0.252687
v 0.485041 0.712345 -0.273589
v 0.483833 0.734477 -0.234025
v 0.638466 0.738644 -0.214616
v 0.637660 0.752184 -0.169827
v 0.483027 0.750491 -0.186996
v 0.482624 0.758823 -0.114586
v 0.634841 0.750231 -0.097417
v 0.482222 0.763250 -0.047402
v 0.634439 0.752704 -0.031726
v 0.479403 0.774576 0.033219
v 0.631217 0.764031 0.051135
v 0.475779 0.788767 0.109361
v 0.629204 0.782648 0.128023
v 0.473363 0.801787 0.166841
v 0.630009 0.795277 0.186250
v 0.473363 0.817149 0.236265
v 0.631620 0.820404 0.252687
v 0.471752 0.823529 0.290012
v 0.632828 0.829127 0.310914
v 0.634036 0.831601 0.368394
v 0.470544 0.823659 0.342266
v 0.469738 0.816628 0.392281
v 0.634036 0.820925 0.421394
v 0.634439 0.800875 0.471409
v 0.469336 0.800355 0.438564
v 0.468530 0.767025 0.487832
v 0.631620 0.762989 0.526650
v 0.470544 0.746716 0.511720
v 0.629204 0.732264 0.551284
v 0.470544 0.706747 0.541580
v 0.627593 0.676412 0.569946
v 0.467725 0.656492 0.566214
v 0.624774 0.618216 0.578904
v 0.476987 0.583846 0.613989
v 0.621150 0.531118 0.596820
v 0.841824 0.129215 0.790908
v 0.839811 0.154473 0.791654
v 0.838603 0.105000 0.790908
v 0.828938 0.082346 0.799119
v 0.829341 0.174913 0.799119
v 0.792696 0.200170 0.828232
v 0.814039 0.066333 0.810317
v 0.797931 0.058782 0.823753
v 0.759676 0.052272 0.856599
v 0.750816 0.204336 0.862571
v 0.724641 0.203815 0.888698
v 0.726655 0.056178 0.887205
v 0.691621 0.060084 0.912586
v 0.692426 0.200821 0.913332
v 0.645714 0.194051 0.931995
v 0.645714 0.066984 0.930502
v 0.594572 0.071020 0.937967
v 0.594170 0.189234 0.938713
v 0.545041 0.192098 0.932741
v 0.545041 0.066854 0.931995
v 0.501954 0.058782 0.914079
v 0.502356 0.198478 0.914079
v 0.469336 0.201993 0.887205
v 0.469336 0.054355 0.886459
v 0.437523 0.052793 0.855106
v 0.436718 0.201342 0.855106
v 0.397254 0.196915 0.822260
v 0.399268 0.058261 0.823753
v 0.379938 0.067635 0.810317
v 0.377925 0.187151 0.807331
v 0.365039 0.083388 0.798373
v 0.362623 0.168533 0.796880
v 0.356985 0.101745 0.792401
v 0.880885 0.618867 0.748358
v 0.916322 0.619648 0.671469
v 0.869207 0.634881 0.717752
v 0.903033 0.635532 0.645342
v 0.932430 0.620299 0.578904
v 0.918336 0.636313 0.557256
v 0.913101 0.636834 0.454240
v 0.927195 0.620820 0.471409
v 0.898201 0.636964 0.346745
v 0.911893 0.620950 0.357943
v 0.885315 0.637094 0.243729
v 0.898201 0.620950 0.249701
v 0.882899 0.637094 0.139221
v 0.895785 0.620950 0.139967
v 0.890147 0.636964 0.032472
v 0.903033 0.620820 0.027247
v 0.902631 0.636703 -0.075022
v 0.916322 0.620690 -0.085473
v 0.914711 0.636573 -0.180278
v 0.928806 0.620560 -0.195207
v 0.919544 0.636313 -0.277322
v 0.934040 0.620429 -0.298223
v 0.918336 0.620299 -0.385563
v 0.904644 0.636183 -0.360929
v 0.882093 0.620299 -0.458719
v 0.870415 0.636183 -0.431099
v 0.827730 0.620429 -0.517692
v 0.818871 0.636183 -0.487086
v 0.760078 0.620690 -0.561735
v 0.754441 0.636443 -0.528889
v 0.683567 0.621080 -0.587862
v 0.681554 0.636834 -0.554270
v 0.602626 0.621341 -0.596073
v 0.604237 0.637224 -0.561735
v 0.521685 0.621601 -0.587116
v 0.527323 0.637354 -0.553523
v 0.444369 0.621601 -0.563228
v 0.453631 0.637354 -0.530382
v 0.375509 0.621601 -0.521424
v 0.387590 0.637354 -0.490072
v 0.315508 0.621471 -0.462451
v 0.330407 0.637224 -0.433338
v 0.266380 0.621211 -0.387056
v 0.283695 0.637094 -0.361675
v 0.226916 0.621080 -0.299716
v 0.246245 0.636964 -0.278815
v 0.216446 0.636834 -0.182517
v 0.195103 0.620950 -0.198193
v 0.193493 0.636573 -0.076515
v 0.171345 0.620560 -0.086966
v 0.178996 0.636443 0.033965
v 0.156042 0.620429 0.028740
v 0.148794 0.620169 0.144446
v 0.172553 0.636183 0.143700
v 0.150405 0.619648 0.254180
v 0.174164 0.635662 0.248208
v 0.164499 0.619388 0.364661
v 0.187050 0.635401 0.353464
v 0.190271 0.619518 0.481114
v 0.211211 0.635401 0.463198
v 0.224903 0.619909 0.589355
v 0.244232 0.635792 0.566960
v 0.265172 0.620169 0.680427
v 0.282487 0.635922 0.653553
v 0.315105 0.620299 0.754330
v 0.330005 0.636052 0.724470
v 0.377120 0.619909 0.814049
v 0.389200 0.635662 0.781203
v 0.447993 0.619388 0.857345
v 0.456852 0.635141 0.823007
v 0.524504 0.619127 0.883473
v 0.529739 0.634881 0.847641
v 0.603432 0.619258 0.891684
v 0.605042 0.635011 0.855106
v 0.683164 0.618997 0.881233
v 0.681151 0.634751 0.845402
v 0.758870 0.618737 0.853613
v 0.753232 0.634490 0.818528
v 0.817663 0.634360 0.775978
v 0.826522 0.618607 0.808824
v 0.880885 0.618867 0.748358
v 0.869207 0.634881 0.717752
v 0.607459 0.283232 0.892431
v 0.607459 0.272296 0.912586
v 0.628801 0.255892 0.870782
v 0.628398 0.247950 0.895417
v 0.648936 0.216444 0.859585
v 0.649338 0.210716 0.885712
v 0.663835 0.155905 0.858838
v 0.665043 0.153171 0.886459
v 0.664238 0.114113 0.886459
v 0.663030 0.116326 0.858092
v 0.658197 -0.009309 0.874515
v 0.659003 -0.011001 0.902135
v 0.653365 -0.134944 0.887952
v 0.654171 -0.136246 0.915572
v 0.648936 -0.260449 0.880487
v 0.649338 -0.261360 0.908107
v 0.644103 -0.386084 0.873768
v 0.644103 -0.386605 0.901388
v 0.642895 -0.660529 0.846148
v 0.642895 -0.660529 0.873768
v 0.642090 -0.797100 0.854360
v 0.640882 -0.821836 0.880487
v 0.642493 -0.803870 0.845402
v 0.642090 -0.830299 0.847641
v 0.641284 -0.801266 -0.572186
v 0.642090 -0.826653 -0.568453
v 0.641687 -0.820274 -0.590101
v 0.640882 -0.806083 -0.603538
v 0.641284 -0.774056 -0.581890
v 0.640882 -0.776139 -0.608764
v 0.641687 -0.735259 -0.589355
v 0.641687 -0.735389 -0.616975
v 0.642895 -0.637354 -0.613243
v 0.642895 -0.637354 -0.586369
v 0.656989 -0.389469 -0.581890
v 0.657392 -0.389209 -0.609510
v 0.655781 -0.237405 -0.592341
v 0.656184 -0.237926 -0.619215
v 0.646117 -0.099532 -0.590101
v 0.646117 -0.100313 -0.616975
v 0.642090 0.045893 -0.579651
v 0.642090 0.044851 -0.606524
v 0.641687 0.105000 -0.578158
v 0.641687 0.103698 -0.605778
v 0.641687 0.147963 -0.578158
v 0.641687 0.146922 -0.605031
v 0.641687 0.170226 -0.575918
v 0.641687 0.172439 -0.602792
v 0.641687 0.186630 -0.572932
v 0.641687 0.188843 -0.599806
v 0.641687 0.203034 -0.571439
v 0.641687 0.198217 -0.597566
v 0.641687 0.220740 -0.576665
v 0.641687 0.204857 -0.598313
v 0.641687 0.237405 -0.591594
v 0.641687 0.214751 -0.605031
v 0.640479 0.219178 -0.613989
v 0.640479 0.244435 -0.619215
v 0.638868 0.232067 -0.640116
v 0.637258 0.209153 -0.631159
v 0.639674 0.188974 -0.677441
v 0.636855 0.176996 -0.660272
v 0.644103 0.131299 -0.689385
v 0.648936 0.141584 -0.708794
v 0.650546 0.099141 -0.703568
v 0.656989 0.107473 -0.723724
v 0.653768 0.066072 -0.714019
v 0.661016 0.073103 -0.734921
v 0.653768 0.015688 -0.726709
v 0.662224 0.021677 -0.746865
v 0.648130 -0.051751 -0.741639
v 0.657392 -0.045893 -0.761795
v 0.640882 -0.101354 -0.753583
v 0.651352 -0.095235 -0.772992
v 0.633231 -0.150567 -0.767020
v 0.644506 -0.143667 -0.785682
v 0.168123 -0.189755 0.091445
v 0.168123 -0.220220 0.120558
v -0.734306 -0.760386 1.051433
v -0.763703 -0.727707 1.062631
v -0.863167 -0.820144 0.976038
v -0.894980 -0.797360 1.002165
v -0.781018 -0.702711 1.060391
v -0.914712 -0.774577 1.006644
v -0.802361 -0.663913 1.038743
v -0.936054 -0.740076 0.993207
v -0.816455 -0.631235 0.999179
v -0.949343 -0.710652 0.963347
v -0.818066 -0.618346 0.962601
v -0.952565 -0.697112 0.933488
v -0.813234 -0.614441 0.919304
v -0.950954 -0.688780 0.896163
v -0.795918 -0.628762 0.855852
v -0.938470 -0.692035 0.830472
v -0.774173 -0.655972 0.798373
v -0.919544 -0.708048 0.767767
v -0.751219 -0.690603 0.748358
v -0.898201 -0.729921 0.711780
v -0.728669 -0.725755 0.699836
v -0.875651 -0.752053 0.657286
v -0.706923 -0.755048 0.652060
v -0.852697 -0.770931 0.602792
v -0.684775 -0.776529 0.602792
v -0.829341 -0.784862 0.547552
v -0.661822 -0.787726 0.549791
v -0.805180 -0.792413 0.490818
v -0.637661 -0.792673 0.495297
v -0.780213 -0.796188 0.433338
v -0.578465 -0.798402 0.371380
v -0.718199 -0.801005 0.303449
v -0.529739 -0.802047 0.275082
v -0.667862 -0.803740 0.203419
v -0.497122 -0.799834 0.212377
v -0.632828 -0.804390 0.137728
v -0.447188 -0.783950 0.113093
v -0.578062 -0.804781 0.033965
v -0.422221 -0.768588 0.058600
v -0.547861 -0.805172 -0.022768
v -0.399268 -0.749840 0.003359
v -0.516451 -0.806083 -0.079501
v -0.371079 -0.723021 -0.072783
v -0.471752 -0.808296 -0.152658
v -0.350542 -0.703101 -0.133249
v -0.435510 -0.810900 -0.204912
v -0.327992 -0.686957 -0.194461
v -0.393227 -0.814285 -0.254927
v -0.289333 -0.673157 -0.272843
v -0.325978 -0.819102 -0.316886
v -0.247856 -0.668470 -0.325844
v -0.265574 -0.822748 -0.353464
v -0.189869 -0.668731 -0.360929
v -0.197117 -0.825742 -0.373619
v -0.122619 -0.670423 -0.375112
v -0.125438 -0.827825 -0.377351
v -0.056175 -0.671204 -0.357196
v -0.057786 -0.828346 -0.357196
v 0.018725 -0.671204 -0.306435
v 0.018322 -0.828346 -0.305688
v 0.072685 -0.671204 -0.234025
v 0.072685 -0.828085 -0.233279
v 0.100471 -0.671334 -0.172813
v 0.100874 -0.827955 -0.172813
v 0.119800 -0.671465 -0.110854
v 0.119800 -0.827565 -0.110107
v 0.138727 -0.670944 -0.027247
v 0.139532 -0.826914 -0.026500
v 0.153626 -0.669772 0.055614
v 0.155237 -0.825612 0.058600
v 0.162485 -0.668470 0.118319
v 0.165707 -0.824440 0.122051
v 0.167720 -0.666778 0.183264
v 0.172150 -0.823008 0.186250
v 0.164902 -0.664955 0.272096
v 0.171747 -0.821706 0.272843
v 0.145975 -0.665346 0.362422
v 0.151613 -0.822617 0.357943
v 0.118190 -0.668731 0.427366
v 0.116981 -0.825482 0.414676
v 0.093625 -0.673027 0.467677
v 0.083558 -0.827304 0.443789
v 0.052954 -0.681750 0.519185
v 0.026376 -0.828867 0.477381
v 0.011074 -0.692556 0.566214
v -0.032014 -0.829387 0.505748
v -0.053357 -0.714688 0.633398
v -0.114566 -0.829257 0.549791
v -0.116579 -0.740987 0.699089
v -0.195909 -0.829908 0.599059
v -0.196714 -0.776139 0.775231
v -0.293360 -0.829518 0.664751
v -0.267991 -0.802958 0.837937
v -0.369066 -0.828476 0.720738
v 0.517659 0.358874 0.890938
v 0.515645 0.358874 0.899149
v 0.599807 0.360176 0.909600
v 0.150002 -0.187151 0.091445
v 0.148391 -0.135595 0.080994
v 0.168123 -0.189755 0.091445
v 0.166110 -0.138329 0.080994
v 0.142351 -0.056568 0.078755
v 0.160069 -0.055787 0.079501
v 0.135505 0.000325 0.078008
v 0.152821 0.000065 0.078008
v 0.134297 0.075576 0.078008
v 0.148391 0.075316 0.078008
v 0.134297 0.106302 0.078755
v 0.146781 0.106171 0.078755
v 0.133089 0.127263 0.079501
v 0.144767 0.126481 0.079501
v 0.139935 0.140803 0.079501
v 0.153224 0.136246 0.080248
v 0.152418 0.147573 0.079501
v 0.166915 0.142365 0.079501
v 0.170942 0.133121 0.079501
v 0.158861 0.132080 0.079501
v 0.166915 0.111509 0.078755
v 0.152821 0.112421 0.078755
v 0.164902 0.043549 0.078008
v 0.152821 0.045502 0.078008
v 0.168123 0.004752 0.087713
v 0.154029 0.006184 0.087713
v 0.640479 0.684744 -0.285533
v 0.639271 0.671725 -0.266871
v 0.641687 0.644515 -0.310167
v 0.640076 0.635271 -0.289265
v 0.642090 0.567441 -0.315393
v 0.465309 0.570436 0.604285
v 0.466517 0.649072 0.544566
v 0.605445 0.521484 0.580397
v 0.606653 0.609493 0.560242
v 0.465711 0.691514 0.525157
v 0.617928 0.666387 0.550537
v 0.468128 0.730311 0.496044
v 0.623969 0.717683 0.533368
v 0.468128 0.749970 0.473649
v 0.628398 0.745414 0.512466
v 0.469336 0.779133 0.428859
v 0.632425 0.779784 0.463198
v 0.632828 0.798792 0.416915
v 0.470544 0.794886 0.386309
v 0.471349 0.801136 0.340027
v 0.633633 0.808557 0.367647
v 0.631620 0.806343 0.312407
v 0.472960 0.800745 0.290012
v 0.474168 0.793975 0.237758
v 0.630009 0.797751 0.255673
v 0.473765 0.779133 0.169827
v 0.628398 0.774576 0.188489
v 0.475779 0.766765 0.112347
v 0.629607 0.761427 0.130263
v 0.479403 0.752444 0.036951
v 0.631620 0.743200 0.053374
v 0.482222 0.741378 -0.042923
v 0.634841 0.732264 -0.027247
v 0.483027 0.737472 -0.107868
v 0.634439 0.729140 -0.090699
v 0.483430 0.730181 -0.175799
v 0.637258 0.730962 -0.158629
v 0.637660 0.719636 -0.201179
v 0.484235 0.715990 -0.219842
v 0.485041 0.695680 -0.257166
v 0.638063 0.702190 -0.236265
v 0.639271 0.671725 -0.266871
v 0.485443 0.665997 -0.282547
v 0.486249 0.630194 -0.299716
v 0.640076 0.635271 -0.289265
v 0.488665 0.563015 -0.326590
v 0.642090 0.567441 -0.315393
v 0.521685 -0.129997 -0.859585
v 0.526115 -0.085731 -0.840923
v 0.644506 -0.143667 -0.785682
v 0.651352 -0.095235 -0.772992
v 0.529337 -0.042898 -0.823007
v 0.657392 -0.045893 -0.761795
v 0.530545 0.014777 -0.799119
v 0.662224 0.021677 -0.746865
v 0.526518 0.059433 -0.778964
v 0.661016 0.073103 -0.734921
v 0.520477 0.089767 -0.762541
v 0.656989 0.107473 -0.723724
v 0.511215 0.120232 -0.742386
v 0.648936 0.141584 -0.708794
v 0.639674 0.188974 -0.677441
v 0.496316 0.169314 -0.703568
v 0.638868 0.232067 -0.640116
v 0.485041 0.223344 -0.646835
v 0.484235 0.240269 -0.621454
v 0.640479 0.244435 -0.619215
v 0.484235 0.235192 -0.593087
v 0.641687 0.237405 -0.591594
v 0.641687 0.220740 -0.576665
v 0.483833 0.218006 -0.577411
v 0.483833 0.199389 -0.572186
v 0.641687 0.203034 -0.571439
v 0.483833 0.183375 -0.572932
v 0.641687 0.186630 -0.572932
v 0.483833 0.168143 -0.576665
v 0.641687 0.170226 -0.575918
v 0.501148 0.146922 -0.578158
v 0.641687 0.147963 -0.578158
v 0.501148 0.104349 -0.579651
v 0.641687 0.105000 -0.578158
v 0.502759 0.045632 -0.581890
v 0.642090 0.045893 -0.579651
v 0.505578 -0.098230 -0.591594
v 0.646117 -0.099532 -0.590101
v 0.655781 -0.237405 -0.592341
v 0.506383 -0.234410 -0.587862
v 0.656989 -0.389469 -0.581890
v 0.505578 -0.385824 -0.577411
v 0.642895 -0.637354 -0.586369
v 0.487054 -0.635532 -0.587116
v 0.485846 -0.733306 -0.590101
v 0.641687 -0.735259 -0.589355
v 0.641284 -0.774056 -0.581890
v 0.485041 -0.773014 -0.581144
v 0.485041 -0.802047 -0.570693
v 0.641284 -0.801266 -0.572186
v 0.144364 0.120232 0.154150
v 0.143962 0.119581 0.166841
v 0.133089 0.113853 0.152658
v 0.132284 0.114243 0.168334
v 0.164902 0.110598 0.166841
v 0.148794 0.111900 0.166841
v 0.168929 0.123487 0.168334
v 0.155237 0.124398 0.168334
v 0.156042 0.132731 0.168334
v 0.169734 0.132340 0.168334
v 0.152016 0.134814 0.168334
v 0.162486 0.145750 0.168334
v 0.148391 0.147052 0.169080
v 0.146781 0.134293 0.168334
v 0.137921 0.141844 0.169080
v 0.143559 0.127132 0.168334
v 0.132284 0.128825 0.167587
v 0.131478 0.107083 0.167587
v 0.145573 0.106953 0.167587
v 0.147989 0.086773 0.164601
v 0.354569 0.149395 -0.503508
v 0.362623 0.168533 -0.507987
v 0.356985 0.101745 -0.503508
v 0.365039 0.083388 -0.509480
v 0.377925 0.187151 -0.518438
v 0.379938 0.067635 -0.521424
v 0.397254 0.196915 -0.533368
v 0.399268 0.058261 -0.534861
v 0.437523 0.052793 -0.566214
v 0.436718 0.201342 -0.566214
v 0.469336 0.201993 -0.598313
v 0.469336 0.054355 -0.597566
v 0.501954 0.058782 -0.625187
v 0.502356 0.198478 -0.625187
v 0.545041 0.192098 -0.643849
v 0.545041 0.066854 -0.643102
v 0.594572 0.071020 -0.649074
v 0.594170 0.189234 -0.649821
v 0.645714 0.194051 -0.643102
v 0.645714 0.066984 -0.641609
v 0.691621 0.060084 -0.623694
v 0.692426 0.200821 -0.624440
v 0.724641 0.203815 -0.599806
v 0.726655 0.056178 -0.598313
v 0.759676 0.052272 -0.567707
v 0.750816 0.204336 -0.573679
v 0.792696 0.200170 -0.539340
v 0.797931 0.058782 -0.534861
v 0.814039 0.066333 -0.521424
v 0.812025 0.188974 -0.525157
v 0.829341 0.174913 -0.510227
v 0.828938 0.082346 -0.510227
v 0.839811 0.154473 -0.502762
v 0.838603 0.105000 -0.502016
v 0.841824 0.129215 -0.502016
v -0.274434 -0.780826 0.837937
v -0.206379 -0.755438 0.772992
v -0.371482 -0.805692 0.719245
v -0.298595 -0.807906 0.660272
v -0.129465 -0.723021 0.693117
v -0.204768 -0.811160 0.589355
v -0.067853 -0.699977 0.623694
v -0.124633 -0.814155 0.536354
v -0.004631 -0.682271 0.552777
v -0.042484 -0.818451 0.489325
v 0.036846 -0.675240 0.504255
v 0.014698 -0.821055 0.459466
v 0.075504 -0.670553 0.453494
v 0.069061 -0.822487 0.426620
v 0.098458 -0.668340 0.416169
v 0.099666 -0.822617 0.400493
v 0.124230 -0.666648 0.354957
v 0.130673 -0.821966 0.349731
v 0.142351 -0.666387 0.269857
v 0.148794 -0.821836 0.270603
v 0.144767 -0.667689 0.184757
v 0.149197 -0.823138 0.187743
v 0.139935 -0.668861 0.121305
v 0.142754 -0.824440 0.125037
v 0.131076 -0.669902 0.059346
v 0.132686 -0.825612 0.062332
v 0.116176 -0.671074 -0.022768
v 0.116981 -0.826914 -0.022021
v 0.097652 -0.671595 -0.104882
v 0.098055 -0.827304 -0.104136
v 0.079129 -0.671725 -0.165348
v 0.079129 -0.827434 -0.165348
v 0.052551 -0.671855 -0.222828
v 0.052954 -0.827434 -0.222828
v 0.003020 -0.671985 -0.290012
v 0.002215 -0.827434 -0.289265
v -0.065035 -0.672116 -0.336294
v -0.066645 -0.827434 -0.336294
v -0.123827 -0.671855 -0.352717
v -0.127854 -0.827434 -0.354210
v -0.182620 -0.672246 -0.340027
v -0.192688 -0.827044 -0.351224
v -0.233762 -0.674589 -0.308674
v -0.255507 -0.826653 -0.333308
v -0.271615 -0.681880 -0.260899
v -0.312287 -0.826653 -0.299716
v -0.309870 -0.699326 -0.188489
v -0.379133 -0.827304 -0.242983
v -0.333629 -0.718073 -0.130263
v -0.422221 -0.827304 -0.196701
v -0.356583 -0.740336 -0.072036
v -0.460879 -0.827434 -0.146686
v -0.387992 -0.769759 0.001866
v -0.508800 -0.827434 -0.076515
v -0.413765 -0.789809 0.056360
v -0.543028 -0.827434 -0.021275
v -0.441953 -0.806083 0.110854
v -0.575243 -0.827434 0.034712
v -0.495511 -0.822617 0.210884
v -0.632426 -0.827304 0.137728
v -0.529739 -0.824831 0.275082
v -0.667460 -0.826653 0.203419
v -0.578465 -0.821185 0.371380
v -0.718199 -0.823789 0.303449
v -0.638063 -0.815457 0.496044
v -0.780213 -0.818972 0.433338
v -0.662225 -0.810249 0.552030
v -0.805582 -0.815066 0.492311
v -0.685581 -0.798402 0.608017
v -0.830147 -0.807255 0.551284
v -0.707729 -0.775358 0.661018
v -0.853503 -0.792413 0.608764
v -0.729071 -0.744502 0.711780
v -0.875248 -0.772493 0.666244
v -0.750011 -0.708830 0.761048
v -0.895382 -0.749580 0.721484
v -0.770951 -0.674199 0.811063
v -0.914309 -0.727447 0.777471
v -0.789475 -0.648030 0.864064
v -0.930014 -0.711564 0.836444
v -0.803569 -0.634360 0.921544
v -0.939276 -0.707658 0.895417
v -0.806791 -0.636964 0.958122
v -0.939678 -0.714168 0.927516
v -0.804777 -0.646858 0.988728
v -0.936457 -0.724713 0.951403
v -0.792294 -0.672116 1.020081
v -0.924779 -0.746195 0.975291
v -0.772965 -0.701799 1.038743
v -0.907060 -0.770150 0.984996
v -0.758065 -0.720417 1.040982
v -0.890550 -0.785903 0.982010
v -0.732293 -0.745674 1.033517
v -0.862362 -0.801136 0.963347
v 0.639674 0.719115 -0.252687
v 0.638063 0.702190 -0.236265
v 0.212016 -0.801787 0.482607
v 0.186244 -0.801787 0.373619
v 0.531350 -0.801006 0.274336
v 0.170137 -0.801526 0.264631
v 0.164096 -0.801917 0.154150
v 0.168929 -0.802828 0.040684
v 0.184231 -0.803219 -0.073529
v 0.208392 -0.802568 -0.184757
v 0.241815 -0.801006 -0.287772
v 0.282085 -0.799704 -0.377351
v 0.330407 -0.799313 -0.450508
v 0.387992 -0.799573 -0.508734
v 0.454436 -0.800355 -0.550537
v 0.527323 -0.800875 -0.577411
v 0.603432 -0.801526 -0.586369
v 0.679137 -0.802438 -0.575172
v 0.750011 -0.801266 -0.546805
v 0.812831 -0.795407 -0.502762
v 0.863570 -0.796319 -0.446775
v 0.898604 -0.797621 -0.378098
v 0.914711 -0.800485 -0.295237
v 0.911490 -0.803089 -0.196701
v 0.897798 -0.803089 -0.086220
v 0.883301 -0.804651 0.029486
v 0.878066 -0.802828 0.145193
v 0.882496 -0.801266 0.258659
v 0.895382 -0.801136 0.371380
v 0.909476 -0.801787 0.484100
v 0.912698 -0.801657 0.588609
v 0.896590 -0.801396 0.675202
v 0.861556 -0.801006 0.744625
v 0.809609 -0.800745 0.798373
v 0.745179 -0.800485 0.837937
v 0.673097 -0.800094 0.861824
v 0.598197 -0.799183 0.869289
v 0.523296 -0.798141 0.860331
v 0.452020 -0.797230 0.834204
v 0.387992 -0.796839 0.793147
v 0.332421 -0.797100 0.738653
v 0.285709 -0.798402 0.668483
v 0.245842 -0.800355 0.583383
v 0.885315 0.637094 0.243729
v 0.882899 0.637094 0.139221
v 0.574841 0.630975 0.143700
v 0.890147 0.636964 0.032472
v 0.902631 0.636703 -0.075022
v 0.914711 0.636573 -0.180278
v 0.919544 0.636313 -0.277322
v 0.904644 0.636183 -0.360929
v 0.870415 0.636183 -0.431099
v 0.818871 0.636183 -0.487086
v 0.754441 0.636443 -0.528889
v 0.681554 0.636834 -0.554270
v 0.604237 0.637224 -0.561735
v 0.527323 0.637354 -0.553523
v 0.453631 0.637354 -0.530382
v 0.387590 0.637354 -0.490072
v 0.330407 0.637224 -0.433338
v 0.283695 0.637094 -0.361675
v 0.246245 0.636964 -0.278815
v 0.216446 0.636834 -0.182517
v 0.193493 0.636573 -0.076515
v 0.178996 0.636443 0.033965
v 0.172553 0.636183 0.143700
v 0.174164 0.635662 0.248208
v 0.187050 0.635401 0.353464
v 0.211211 0.635401 0.463198
v 0.244232 0.635792 0.566960
v 0.282487 0.635922 0.653553
v 0.330005 0.636052 0.724470
v 0.389200 0.635662 0.781203
v 0.456852 0.635141 0.823007
v 0.529739 0.634881 0.847641
v 0.605042 0.635011 0.855106
v 0.681151 0.634751 0.845402
v 0.753232 0.634490 0.818528
v 0.817663 0.634360 0.775978
v 0.869207 0.634881 0.717752
v 0.903033 0.635532 0.645342
v 0.918336 0.636313 0.557256
v 0.913101 0.636834 0.454240
v 0.898201 0.636964 0.346745
v 0.116579 -0.093803 0.249701
v 0.130673 -0.092892 0.234772
v 0.183425 -0.088465 0.248955
v 0.169331 -0.089637 0.234025
v 0.169734 -0.084169 0.081741
v 0.130673 -0.087294 0.082487
v 0.116579 -0.088075 0.066811
v 0.183425 -0.082607 0.066811
v 0.178996 -0.028056 0.066811
v 0.165304 -0.029488 0.081741
v 0.178996 -0.034175 0.248955
v 0.164902 -0.035347 0.234025
v 0.126243 -0.038602 0.234025
v 0.112149 -0.039513 0.249701
v 0.126243 -0.032743 0.081741
v 0.112149 -0.033394 0.066811
v 0.352555 0.127653 -0.501269
v 0.354569 0.149395 0.792401
v 0.352555 0.127653 0.790161
v 0.643298 0.569524 -0.339280
v 0.131478 0.087033 0.164601
v 0.148391 0.517187 0.123544
v 0.379536 0.079352 0.784936
v 0.167720 -0.228031 0.157883
v 0.152016 0.135725 0.145193
v 0.812025 0.188974 0.814049
v 0.594170 -0.543746 -0.634891
v 0.596586 -0.433734 -0.613243
v 0.775380 0.199519 0.814795
v 0.775380 0.199519 -0.525903
v 0.143962 0.119581 0.166841
v 0.477792 0.191838 0.860331
v 0.436718 0.229854 0.880487
v 0.478598 0.208372 0.840923
v 0.607459 0.283232 0.892431
# num_vertices: 3171

vt 0.665716 0.012089
vt 0.665716 0.030289
vt 0.663301 0.012089
vt 0.663301 0.030289
vt 0.658003 0.012293
vt 0.658003 0.030391
vt 0.629482 0.013520
vt 0.629482 0.031107
vt 0.625828 0.013929
vt 0.625828 0.031209
vt 0.609356 0.031516
vt 0.625828 0.048897
vt 0.609356 0.049102
vt 0.609356 0.066995
vt 0.663301 0.048181
vt 0.658003 0.048284
vt 0.629482 0.048795
vt 0.663301 0.065972
vt 0.658003 0.066074
vt 0.629482 0.066586
vt 0.625828 0.066688
vt 0.625828 0.084478
vt 0.609356 0.084990
vt 0.609356 0.103087
vt 0.629482 0.084376
vt 0.658003 0.083967
vt 0.663301 0.083660
vt 0.665716 0.066074
vt 0.665716 0.083865
vt 0.665716 0.101758
vt 0.663301 0.101451
vt 0.658003 0.101860
vt 0.629482 0.102371
vt 0.625828 0.102474
vt 0.625828 0.121082
vt 0.609356 0.121798
vt 0.609356 0.142451
vt 0.629482 0.120980
vt 0.658003 0.120469
vt 0.663301 0.120060
vt 0.665716 0.120366
vt 0.665716 0.141020
vt 0.663301 0.140713
vt 0.658003 0.141224
vt 0.629482 0.141531
vt 0.625828 0.141736
vt 0.625828 0.165354
vt 0.609356 0.165968
vt 0.609356 0.190609
vt 0.665716 0.164639
vt 0.663301 0.164332
vt 0.658003 0.164843
vt 0.629482 0.165150
vt 0.665716 0.189586
vt 0.663301 0.189382
vt 0.658003 0.189689
vt 0.629482 0.189995
vt 0.658003 0.213512
vt 0.629482 0.213818
vt 0.629482 0.237437
vt 0.625828 0.213921
vt 0.625828 0.237437
vt 0.609356 0.237539
vt 0.625828 0.261874
vt 0.609356 0.261771
vt 0.609356 0.286310
vt 0.609356 0.214125
vt 0.625828 0.190200
vt 0.663301 0.213409
vt 0.663301 0.237130
vt 0.665716 0.237130
vt 0.665716 0.261567
vt 0.665716 0.213512
vt 0.609356 0.848964
vt 0.609356 0.831378
vt 0.625828 0.849373
vt 0.625828 0.831685
vt 0.629482 0.849578
vt 0.629482 0.831685
vt 0.658003 0.830969
vt 0.629482 0.813179
vt 0.658003 0.812463
vt 0.658003 0.793650
vt 0.663301 0.793752
vt 0.658003 0.773916
vt 0.663301 0.774019
vt 0.663301 0.752343
vt 0.665716 0.751934
vt 0.663301 0.727804
vt 0.665716 0.727497
vt 0.665716 0.702038
vt 0.629482 0.794365
vt 0.629482 0.774837
vt 0.658003 0.752241
vt 0.658003 0.727702
vt 0.663301 0.702243
vt 0.663301 0.677602
vt 0.665716 0.677602
vt 0.663301 0.653267
vt 0.665716 0.653267
vt 0.663301 0.628013
vt 0.665716 0.628115
vt 0.665716 0.602758
vt 0.629482 0.752854
vt 0.625828 0.774837
vt 0.625828 0.794468
vt 0.625828 0.813281
vt 0.625828 0.752752
vt 0.625828 0.727906
vt 0.629482 0.727906
vt 0.629482 0.701834
vt 0.658003 0.702038
vt 0.658003 0.677602
vt 0.658003 0.653267
vt 0.658003 0.628115
vt 0.663301 0.602554
vt 0.663301 0.577504
vt 0.665716 0.577811
vt 0.663301 0.553885
vt 0.665716 0.554090
vt 0.663301 0.532823
vt 0.665716 0.533130
vt 0.665716 0.514112
vt 0.625828 0.701834
vt 0.625828 0.677397
vt 0.629482 0.677397
vt 0.625828 0.653370
vt 0.629482 0.653370
vt 0.625828 0.628217
vt 0.629482 0.628217
vt 0.629482 0.602656
vt 0.658003 0.602656
vt 0.658003 0.577708
vt 0.658003 0.554192
vt 0.658003 0.533232
vt 0.663301 0.513805
vt 0.663301 0.495606
vt 0.665716 0.495912
vt 0.665716 0.478122
vt 0.629482 0.554396
vt 0.629482 0.533334
vt 0.658003 0.514112
vt 0.658003 0.495912
vt 0.663301 0.477917
vt 0.663301 0.460331
vt 0.665716 0.460433
vt 0.665716 0.442643
vt 0.629482 0.513805
vt 0.629482 0.495299
vt 0.658003 0.478122
vt 0.658003 0.460331
vt 0.663301 0.442643
vt 0.663301 0.425057
vt 0.665716 0.424954
vt 0.665716 0.407266
vt 0.629482 0.477713
vt 0.629482 0.460024
vt 0.658003 0.442643
vt 0.658003 0.424954
vt 0.663301 0.407368
vt 0.663301 0.389680
vt 0.665716 0.389475
vt 0.665716 0.371685
vt 0.629482 0.442234
vt 0.629482 0.424443
vt 0.658003 0.407164
vt 0.658003 0.389373
vt 0.663301 0.371889
vt 0.663301 0.353690
vt 0.665716 0.353281
vt 0.665716 0.333445
vt 0.629482 0.406652
vt 0.629482 0.388760
vt 0.658003 0.371480
vt 0.658003 0.353178
vt 0.663301 0.333752
vt 0.663301 0.311258
vt 0.665716 0.310951
vt 0.665716 0.286412
vt 0.658003 0.310747
vt 0.658003 0.333343
vt 0.629482 0.333343
vt 0.629482 0.353076
vt 0.625828 0.352974
vt 0.629482 0.371071
vt 0.625828 0.371071
vt 0.625828 0.388760
vt 0.625828 0.406550
vt 0.625828 0.424341
vt 0.625828 0.442131
vt 0.625828 0.459922
vt 0.625828 0.477610
vt 0.625828 0.495299
vt 0.625828 0.513805
vt 0.625828 0.533436
vt 0.625828 0.554499
vt 0.629482 0.577708
vt 0.625828 0.577811
vt 0.625828 0.602656
vt 0.609356 0.602861
vt 0.609356 0.628320
vt 0.665716 0.773610
vt 0.665716 0.793445
vt 0.663301 0.812667
vt 0.663301 0.831071
vt 0.658003 0.849271
vt 0.665716 0.812361
vt 0.665716 0.830867
vt 0.663301 0.849578
vt 0.609356 0.578015
vt 0.609356 0.554805
vt 0.609356 0.533743
vt 0.609356 0.514010
vt 0.609356 0.495503
vt 0.609356 0.477713
vt 0.609356 0.459922
vt 0.609356 0.442131
vt 0.609356 0.424136
vt 0.609356 0.406243
vt 0.609356 0.388248
vt 0.609356 0.370560
vt 0.609356 0.352463
vt 0.609356 0.332832
vt 0.625828 0.333241
vt 0.625828 0.310747
vt 0.629482 0.310849
vt 0.629482 0.286515
vt 0.658003 0.286310
vt 0.658003 0.261465
vt 0.663301 0.286719
vt 0.663301 0.261669
vt 0.609356 0.310338
vt 0.625828 0.286515
vt 0.629482 0.261874
vt 0.658003 0.237130
vt 0.609356 0.653370
vt 0.609356 0.677295
vt 0.609356 0.701732
vt 0.609356 0.727600
vt 0.609356 0.752445
vt 0.609356 0.774428
vt 0.609356 0.794059
vt 0.609356 0.813076
vt 0.665716 0.048181
vt 0.665716 0.849373
vt 0.609356 0.014338
vt 0.520204 0.647378
vt 0.520204 0.602634
vt 0.530826 0.647378
vt 0.530826 0.602634
vt 0.576119 0.004172
vt 0.572212 0.004172
vt 0.576119 0.000104
vt 0.572212 0.000104
vt 0.308143 0.699944
vt 0.309852 0.706097
vt 0.305457 0.694729
vt 0.287999 0.695668
vt 0.301550 0.692226
vt 0.291905 0.692956
vt 0.296667 0.691704
vt 0.285435 0.701091
vt 0.284092 0.706619
vt 0.283359 0.719552
vt 0.310950 0.719656
vt 0.311073 0.730920
vt 0.283115 0.731025
vt 0.283726 0.741767
vt 0.310340 0.740829
vt 0.308997 0.753240
vt 0.285557 0.754075
vt 0.286289 0.768363
vt 0.307776 0.768050
vt 0.307288 0.782548
vt 0.285557 0.782548
vt 0.283970 0.794438
vt 0.307166 0.795377
vt 0.307410 0.805598
vt 0.282871 0.804450
vt 0.282383 0.815402
vt 0.307776 0.816132
vt 0.308020 0.828648
vt 0.282505 0.828230
vt 0.283970 0.834175
vt 0.306800 0.834488
vt 0.286534 0.839077
vt 0.304846 0.839390
vt 0.291539 0.841998
vt 0.300451 0.842102
vt 0.295934 0.842936
vt 0.361494 0.458703
vt 0.355634 0.459537
vt 0.361982 0.434923
vt 0.356977 0.436070
vt 0.356244 0.396332
vt 0.362104 0.395811
vt 0.354657 0.389657
vt 0.359784 0.389240
vt 0.354413 0.383712
vt 0.359418 0.384338
vt 0.361372 0.381522
vt 0.357099 0.377246
vt 0.362837 0.376203
vt 0.369429 0.387154
vt 0.367110 0.379228
vt 0.365400 0.387571
vt 0.369673 0.399357
vt 0.364546 0.399461
vt 0.369795 0.417296
vt 0.363813 0.417505
vt 0.369063 0.461414
vt 0.361860 0.461623
vt 0.365889 0.494790
vt 0.358564 0.494373
vt 0.363081 0.540472
vt 0.355878 0.539846
vt 0.362470 0.570301
vt 0.355267 0.569676
vt 0.962518 0.008344
vt 0.962640 0.031289
vt 0.967279 0.008761
vt 0.967279 0.031394
vt 0.962640 0.057990
vt 0.967279 0.058198
vt 0.962640 0.080101
vt 0.967279 0.080309
vt 0.962518 0.103046
vt 0.967279 0.103359
vt 0.962518 0.118274
vt 0.967279 0.118587
vt 0.962518 0.133814
vt 0.967279 0.134023
vt 0.962518 0.144453
vt 0.967279 0.144766
vt 0.962640 0.160619
vt 0.967279 0.160828
vt 0.962640 0.181896
vt 0.967279 0.181791
vt 0.962640 0.202338
vt 0.967279 0.202130
vt 0.962640 0.217357
vt 0.967279 0.217253
vt 0.962640 0.232063
vt 0.967279 0.232063
vt 0.962640 0.251567
vt 0.967279 0.251567
vt 0.962640 0.271175
vt 0.967279 0.271175
vt 0.962640 0.285985
vt 0.967279 0.286089
vt 0.962640 0.301004
vt 0.967279 0.301213
vt 0.962762 0.320821
vt 0.967157 0.320821
vt 0.962762 0.340533
vt 0.967157 0.340324
vt 0.962640 0.354717
vt 0.967157 0.354926
vt 0.962640 0.369841
vt 0.967279 0.370049
vt 0.962518 0.385068
vt 0.967279 0.385381
vt 0.962518 0.400713
vt 0.967402 0.401234
vt 0.962518 0.421990
vt 0.967402 0.422198
vt 0.962396 0.438365
vt 0.967402 0.438677
vt 0.962396 0.455261
vt 0.967524 0.455574
vt 0.962396 0.477893
vt 0.967524 0.478206
vt 0.962396 0.494268
vt 0.967524 0.494477
vt 0.962396 0.510330
vt 0.967524 0.510330
vt 0.962396 0.539116
vt 0.967524 0.539325
vt 0.962518 0.557056
vt 0.967402 0.557056
vt 0.962518 0.583652
vt 0.967402 0.583443
vt 0.962518 0.617236
vt 0.967402 0.617027
vt 0.962518 0.632046
vt 0.967402 0.631733
vt 0.962518 0.646856
vt 0.967402 0.646543
vt 0.962518 0.661771
vt 0.967402 0.661458
vt 0.962518 0.677207
vt 0.967402 0.677103
vt 0.962518 0.693165
vt 0.967402 0.693060
vt 0.962518 0.709539
vt 0.967402 0.709539
vt 0.962518 0.725914
vt 0.967402 0.725914
vt 0.962518 0.742915
vt 0.967402 0.742393
vt 0.962518 0.753240
vt 0.967402 0.752927
vt 0.962518 0.762001
vt 0.967402 0.762105
vt 0.962518 0.774517
vt 0.967402 0.773995
vt 0.962518 0.785677
vt 0.967402 0.784842
vt 0.962518 0.791830
vt 0.967279 0.791726
vt 0.962518 0.802469
vt 0.967402 0.801113
vt 0.296667 0.691704
vt 0.291905 0.692956
vt 0.301550 0.692226
vt 0.287999 0.695668
vt 0.305457 0.694729
vt 0.285435 0.701091
vt 0.308143 0.699944
vt 0.309852 0.706097
vt 0.284092 0.706619
vt 0.283359 0.719552
vt 0.310950 0.719656
vt 0.311073 0.730920
vt 0.283115 0.731025
vt 0.283726 0.741767
vt 0.310340 0.740829
vt 0.308997 0.753240
vt 0.285557 0.754075
vt 0.286289 0.768363
vt 0.307776 0.768050
vt 0.307288 0.782548
vt 0.285557 0.782548
vt 0.283970 0.794438
vt 0.307166 0.795377
vt 0.307410 0.805598
vt 0.282871 0.804450
vt 0.282383 0.815402
vt 0.307776 0.816132
vt 0.308020 0.828648
vt 0.282505 0.828230
vt 0.283970 0.834175
vt 0.306800 0.834488
vt 0.286534 0.839077
vt 0.304846 0.839390
vt 0.291539 0.841998
vt 0.300451 0.842102
vt 0.295934 0.842936
vt 0.573189 0.633297
vt 0.581125 0.636009
vt 0.551458 0.633297
vt 0.543034 0.636218
vt 0.583810 0.651028
vt 0.540348 0.651341
vt 0.540104 0.677728
vt 0.559271 0.676894
vt 0.558905 0.682109
vt 0.540104 0.682317
vt 0.558905 0.685446
vt 0.539982 0.686281
vt 0.558905 0.691391
vt 0.539982 0.691287
vt 0.558661 0.696815
vt 0.539982 0.696711
vt 0.540104 0.701195
vt 0.558783 0.701300
vt 0.559027 0.706828
vt 0.540104 0.706932
vt 0.559027 0.715067
vt 0.540226 0.715067
vt 0.560004 0.722785
vt 0.540470 0.727061
vt 0.558417 0.725810
vt 0.540592 0.756265
vt 0.566597 0.725810
vt 0.583810 0.727061
vt 0.565620 0.715171
vt 0.583566 0.715171
vt 0.565376 0.707140
vt 0.583322 0.707036
vt 0.565254 0.701300
vt 0.583200 0.701091
vt 0.565254 0.695876
vt 0.583200 0.695668
vt 0.565254 0.689827
vt 0.583322 0.689827
vt 0.565376 0.685864
vt 0.583322 0.685864
vt 0.583444 0.677311
vt 0.565009 0.722785
vt 0.605053 0.301108
vt 0.594554 0.301108
vt 0.605053 0.284734
vt 0.594554 0.284734
vt 0.562079 0.839912
vt 0.551092 0.837930
vt 0.573555 0.836991
vt 0.541691 0.827709
vt 0.581735 0.827396
vt 0.584421 0.807892
vt 0.539616 0.808622
vt 0.583688 0.778063
vt 0.540226 0.778585
vt 0.583933 0.755952
vt 0.315834 0.512312
vt 0.320717 0.512312
vt 0.315834 0.518674
vt 0.320717 0.518883
vt 0.320717 0.526079
vt 0.315834 0.526079
vt 0.315834 0.534006
vt 0.320717 0.533797
vt 0.320717 0.541202
vt 0.315834 0.541202
vt 0.320717 0.549546
vt 0.315834 0.548920
vt 0.320717 0.557994
vt 0.315834 0.557473
vt 0.315834 0.567068
vt 0.320717 0.567173
vt 0.320717 0.581670
vt 0.315834 0.581670
vt 0.315834 0.597419
vt 0.320717 0.597106
vt 0.315834 0.619739
vt 0.320595 0.619843
vt 0.319374 0.649464
vt 0.315834 0.649777
vt 0.320717 0.665317
vt 0.315834 0.665213
vt 0.320717 0.680127
vt 0.315834 0.679919
vt 0.320717 0.687220
vt 0.315834 0.687220
vt 0.320717 0.695876
vt 0.315834 0.695981
vt 0.320717 0.704637
vt 0.315834 0.704637
vt 0.315834 0.713294
vt 0.320717 0.713294
vt 0.320717 0.721742
vt 0.315834 0.721742
vt 0.320717 0.729043
vt 0.315834 0.729252
vt 0.320717 0.743853
vt 0.315834 0.743853
vt 0.319374 0.759081
vt 0.315834 0.758664
vt 0.315834 0.785677
vt 0.320351 0.785573
vt 0.320717 0.805806
vt 0.315834 0.805598
vt 0.320717 0.819469
vt 0.315834 0.819469
vt 0.320717 0.832194
vt 0.315834 0.832298
vt 0.320717 0.840016
vt 0.315834 0.840538
vt 0.320717 0.847004
vt 0.315834 0.847630
vt 0.320717 0.854096
vt 0.315834 0.854305
vt 0.565131 0.676790
vt 0.411793 0.577289
vt 0.411793 0.594916
vt 0.406909 0.575516
vt 0.406909 0.595333
vt 0.411793 0.604824
vt 0.406909 0.605241
vt 0.355267 0.575934
vt 0.355267 0.591057
vt 0.348553 0.576872
vt 0.348553 0.591057
vt 0.348553 0.602947
vt 0.355267 0.602842
vt 0.355267 0.612125
vt 0.348553 0.612751
vt 0.355267 0.622033
vt 0.348553 0.622242
vt 0.355267 0.633089
vt 0.348553 0.632463
vt 0.348553 0.637469
vt 0.355267 0.638512
vt 0.355267 0.643310
vt 0.348553 0.642163
vt 0.355267 0.649568
vt 0.355267 0.654783
vt 0.348553 0.648525
vt 0.348553 0.653948
vt 0.348553 0.660102
vt 0.355267 0.660415
vt 0.348553 0.666464
vt 0.355267 0.666256
vt 0.348553 0.671366
vt 0.355267 0.670845
vt 0.355267 0.676373
vt 0.348553 0.676894
vt 0.355267 0.688471
vt 0.348553 0.688367
vt 0.355267 0.698275
vt 0.348553 0.697962
vt 0.348553 0.707975
vt 0.355267 0.707766
vt 0.355267 0.720282
vt 0.348553 0.720595
vt 0.355267 0.735301
vt 0.348553 0.734571
vt 0.791477 0.822494
vt 0.791477 0.808309
vt 0.823830 0.817905
vt 0.823830 0.804242
vt 0.791477 0.793708
vt 0.823830 0.790579
vt 0.791477 0.782548
vt 0.823830 0.780358
vt 0.791477 0.771179
vt 0.823830 0.769928
vt 0.791477 0.755743
vt 0.823830 0.755222
vt 0.791477 0.740724
vt 0.823830 0.739786
vt 0.791477 0.729564
vt 0.823830 0.728000
vt 0.791477 0.718196
vt 0.823830 0.716527
vt 0.791477 0.706410
vt 0.823830 0.704950
vt 0.791477 0.698067
vt 0.823830 0.696919
vt 0.791477 0.685238
vt 0.823830 0.684403
vt 0.791477 0.672513
vt 0.823830 0.671783
vt 0.791477 0.660415
vt 0.823830 0.659268
vt 0.791477 0.648525
vt 0.823830 0.647065
vt 0.791477 0.636531
vt 0.823830 0.634966
vt 0.791477 0.624536
vt 0.823830 0.623076
vt 0.791477 0.606493
vt 0.823830 0.605241
vt 0.791477 0.586259
vt 0.823830 0.585529
vt 0.791477 0.550172
vt 0.823830 0.549755
vt 0.791477 0.514711
vt 0.823830 0.514189
vt 0.791477 0.492704
vt 0.823830 0.492495
vt 0.791477 0.468924
vt 0.823830 0.468715
vt 0.791477 0.449003
vt 0.823830 0.448794
vt 0.791477 0.431168
vt 0.823830 0.431064
vt 0.791477 0.411456
vt 0.823830 0.411143
vt 0.791477 0.389449
vt 0.823830 0.389449
vt 0.791477 0.366607
vt 0.823830 0.368172
vt 0.791477 0.347834
vt 0.823830 0.350650
vt 0.791477 0.335735
vt 0.823830 0.338656
vt 0.791477 0.324054
vt 0.823830 0.326661
vt 0.791477 0.312581
vt 0.823830 0.314563
vt 0.791477 0.305072
vt 0.823830 0.306636
vt 0.791477 0.297562
vt 0.823830 0.298709
vt 0.791477 0.290053
vt 0.823830 0.290887
vt 0.791477 0.282439
vt 0.823830 0.283169
vt 0.791477 0.274721
vt 0.823830 0.275555
vt 0.791477 0.262831
vt 0.823830 0.264187
vt 0.791477 0.246456
vt 0.823830 0.248229
vt 0.791477 0.234149
vt 0.823830 0.235713
vt 0.791477 0.222259
vt 0.823830 0.222989
vt 0.791477 0.206823
vt 0.823830 0.206406
vt 0.791477 0.195454
vt 0.823830 0.194307
vt 0.791477 0.184086
vt 0.823830 0.182626
vt 0.791477 0.172509
vt 0.823830 0.171257
vt 0.791477 0.160932
vt 0.823830 0.160097
vt 0.791477 0.149250
vt 0.823830 0.149146
vt 0.791477 0.141532
vt 0.823830 0.141741
vt 0.791477 0.133814
vt 0.823830 0.134232
vt 0.791477 0.125992
vt 0.823830 0.126722
vt 0.791477 0.118274
vt 0.823830 0.119108
vt 0.791477 0.110452
vt 0.823830 0.111390
vt 0.791477 0.102838
vt 0.823830 0.103568
vt 0.791477 0.095224
vt 0.823830 0.095641
vt 0.791477 0.083543
vt 0.823830 0.083856
vt 0.791477 0.071548
vt 0.823830 0.072487
vt 0.791477 0.059658
vt 0.823830 0.061327
vt 0.791477 0.047977
vt 0.823830 0.049750
vt 0.791477 0.035879
vt 0.823830 0.038486
vt 0.791477 0.023050
vt 0.823830 0.028160
vt 0.791477 0.013246
vt 0.823830 0.020130
vt 0.406909 0.623389
vt 0.411793 0.624641
vt 0.406909 0.634340
vt 0.411793 0.636009
vt 0.411793 0.653010
vt 0.406909 0.651758
vt 0.411793 0.668759
vt 0.406909 0.668237
vt 0.411793 0.688263
vt 0.406909 0.688471
vt 0.411793 0.707349
vt 0.406909 0.707662
vt 0.411793 0.721846
vt 0.406909 0.722368
vt 0.411793 0.738430
vt 0.406909 0.738951
vt 0.411793 0.750633
vt 0.406909 0.750946
vt 0.402026 0.016062
vt 0.402026 0.013767
vt 0.410694 0.016062
vt 0.410694 0.013767
vt 0.426321 0.013767
vt 0.426321 0.010013
vt 0.442070 0.013767
vt 0.442070 0.010013
vt 0.449517 0.010013
vt 0.451348 0.007092
vt 0.451348 0.010013
vt 0.456354 0.007092
vt 0.453180 0.010013
vt 0.456354 0.010013
vt 0.454645 0.010013
vt 0.454645 0.013767
vt 0.453180 0.013767
vt 0.456354 0.013767
vt 0.456354 0.016062
vt 0.460138 0.016062
vt 0.451348 0.013767
vt 0.449517 0.013767
vt 0.451348 0.016062
vt 0.945304 0.016166
vt 0.945304 0.024510
vt 0.940421 0.016479
vt 0.940543 0.024301
vt 0.945304 0.034418
vt 0.940421 0.034210
vt 0.945304 0.045578
vt 0.940421 0.045370
vt 0.945304 0.057051
vt 0.940421 0.056738
vt 0.945304 0.068419
vt 0.940421 0.068002
vt 0.945304 0.079788
vt 0.940421 0.079266
vt 0.945304 0.091574
vt 0.940421 0.091156
vt 0.945304 0.099605
vt 0.940421 0.099083
vt 0.945304 0.107427
vt 0.940421 0.107010
vt 0.945426 0.115249
vt 0.940421 0.114832
vt 0.945426 0.123072
vt 0.940421 0.122654
vt 0.945426 0.130790
vt 0.940421 0.130372
vt 0.945304 0.138195
vt 0.940421 0.137882
vt 0.945426 0.145704
vt 0.940421 0.145287
vt 0.945426 0.156656
vt 0.940421 0.156551
vt 0.945426 0.167815
vt 0.940421 0.167920
vt 0.945426 0.179080
vt 0.940421 0.179288
vt 0.945426 0.190344
vt 0.940421 0.190552
vt 0.945426 0.201817
vt 0.940299 0.201921
vt 0.945426 0.217983
vt 0.940299 0.218087
vt 0.945426 0.230707
vt 0.940299 0.230707
vt 0.945426 0.243744
vt 0.940299 0.243744
vt 0.945548 0.261162
vt 0.940299 0.260954
vt 0.945426 0.273782
vt 0.940299 0.273469
vt 0.945426 0.281917
vt 0.940299 0.281813
vt 0.945426 0.290053
vt 0.940421 0.290053
vt 0.945426 0.298397
vt 0.940421 0.298397
vt 0.945304 0.306740
vt 0.940421 0.306636
vt 0.945304 0.314876
vt 0.940421 0.314876
vt 0.945304 0.327183
vt 0.940421 0.326974
vt 0.945426 0.339594
vt 0.940421 0.339281
vt 0.945426 0.352006
vt 0.940299 0.351693
vt 0.945426 0.370154
vt 0.940299 0.369841
vt 0.945548 0.392160
vt 0.940299 0.391952
vt 0.945548 0.414793
vt 0.940299 0.414585
vt 0.945548 0.435131
vt 0.940299 0.435131
vt 0.945548 0.453279
vt 0.940299 0.453279
vt 0.945548 0.473409
vt 0.940177 0.473409
vt 0.945548 0.497814
vt 0.940177 0.497814
vt 0.945670 0.521073
vt 0.940177 0.521073
vt 0.945792 0.560497
vt 0.940054 0.560393
vt 0.945670 0.600965
vt 0.940054 0.600756
vt 0.945548 0.622555
vt 0.940177 0.622242
vt 0.945548 0.641850
vt 0.940177 0.641120
vt 0.945548 0.654783
vt 0.940299 0.653636
vt 0.945548 0.667716
vt 0.940299 0.666464
vt 0.945548 0.680544
vt 0.940299 0.679397
vt 0.945426 0.693477
vt 0.940299 0.692747
vt 0.945426 0.706202
vt 0.940299 0.705993
vt 0.945426 0.718405
vt 0.940299 0.719030
vt 0.945426 0.726436
vt 0.940421 0.726644
vt 0.945426 0.737700
vt 0.940299 0.738013
vt 0.945426 0.749068
vt 0.940299 0.749277
vt 0.945426 0.761167
vt 0.940299 0.761063
vt 0.945426 0.777124
vt 0.940299 0.777020
vt 0.945426 0.792248
vt 0.940421 0.792039
vt 0.945426 0.802469
vt 0.940421 0.802573
vt 0.945426 0.812169
vt 0.940421 0.812377
vt 0.945426 0.824684
vt 0.940421 0.824893
vt 0.945304 0.836783
vt 0.940421 0.836887
vt 0.446221 0.021903
vt 0.446221 0.039216
vt 0.435477 0.021903
vt 0.435477 0.039425
vt 0.446343 0.058198
vt 0.435477 0.058303
vt 0.446221 0.075929
vt 0.435477 0.076033
vt 0.435477 0.095746
vt 0.446221 0.095537
vt 0.515687 0.503029
vt 0.509339 0.501360
vt 0.522035 0.501778
vt 0.526919 0.497189
vt 0.504821 0.496667
vt 0.503479 0.488323
vt 0.528872 0.488323
vt 0.503723 0.479249
vt 0.529116 0.478624
vt 0.503479 0.468715
vt 0.529116 0.467881
vt 0.502380 0.452758
vt 0.528750 0.451923
vt 0.500304 0.435966
vt 0.528506 0.435340
vt 0.497985 0.409057
vt 0.528506 0.408014
vt 0.497863 0.373804
vt 0.526797 0.372865
vt 0.498229 0.355030
vt 0.526553 0.354196
vt 0.498351 0.337300
vt 0.526553 0.336570
vt 0.500548 0.329060
vt 0.524721 0.328852
vt 0.512635 0.319778
vt 0.519716 0.321968
vt 0.339763 0.562583
vt 0.339763 0.574473
vt 0.334391 0.564148
vt 0.334391 0.577081
vt 0.339763 0.595020
vt 0.334391 0.597002
vt 0.339763 0.615254
vt 0.334391 0.615984
vt 0.339763 0.641641
vt 0.334391 0.641328
vt 0.339763 0.666569
vt 0.334391 0.665943
vt 0.339763 0.685655
vt 0.334391 0.684612
vt 0.339763 0.707349
vt 0.334391 0.706619
vt 0.334391 0.723411
vt 0.339763 0.723724
vt 0.460138 0.013767
vt 0.463068 0.013767
vt 0.460138 0.010013
vt 0.460260 0.007092
vt 0.456354 0.003859
vt 0.451348 0.003859
vt 0.442070 0.007092
vt 0.442070 0.003859
vt 0.426321 0.003859
vt 0.426321 0.007092
vt 0.410694 0.007092
vt 0.410694 0.003859
vt 0.410694 0.010013
vt 0.402026 0.010013
vt 0.402026 0.007092
vt 0.402026 0.003859
vt 0.442070 0.016062
vt 0.426321 0.016062
vt 0.292149 0.023258
vt 0.274691 0.023258
vt 0.292149 0.000626
vt 0.274691 0.000626
vt 0.590891 0.020442
vt 0.590891 0.001460
vt 0.603100 0.020442
vt 0.603100 0.001460
vt 0.463068 0.010013
vt 0.913196 0.835427
vt 0.913196 0.824163
vt 0.907336 0.835114
vt 0.907336 0.824058
vt 0.913196 0.813212
vt 0.907336 0.813316
vt 0.913196 0.798401
vt 0.907336 0.798714
vt 0.913196 0.786720
vt 0.907336 0.787241
vt 0.913196 0.778376
vt 0.907336 0.779002
vt 0.913196 0.769511
vt 0.907336 0.770136
vt 0.913196 0.754075
vt 0.907336 0.754700
vt 0.907336 0.736448
vt 0.913196 0.737908
vt 0.907336 0.731859
vt 0.913196 0.731546
vt 0.913196 0.728730
vt 0.907336 0.728522
vt 0.907336 0.725706
vt 0.913196 0.725184
vt 0.907336 0.723202
vt 0.913196 0.723098
vt 0.907336 0.720595
vt 0.913196 0.720908
vt 0.907336 0.717675
vt 0.913196 0.717570
vt 0.907336 0.713294
vt 0.913196 0.712773
vt 0.907336 0.704742
vt 0.913196 0.704324
vt 0.907336 0.693373
vt 0.913196 0.692747
vt 0.907336 0.665108
vt 0.913196 0.664795
vt 0.907336 0.638304
vt 0.913196 0.638512
vt 0.907336 0.608787
vt 0.913196 0.608892
vt 0.913196 0.559976
vt 0.907336 0.560185
vt 0.907336 0.540889
vt 0.913196 0.541202
vt 0.907336 0.532441
vt 0.913196 0.533380
vt 0.907336 0.525558
vt 0.913196 0.528374
vt 0.913196 0.526392
vt 0.913196 0.524723
vt 0.907336 0.231646
vt 0.913196 0.231333
vt 0.907336 0.227995
vt 0.913196 0.231333
vt 0.907336 0.201921
vt 0.913196 0.201817
vt 0.907336 0.149355
vt 0.913196 0.149355
vt 0.907336 0.126618
vt 0.913196 0.126722
vt 0.907336 0.104089
vt 0.913196 0.103985
vt 0.907336 0.081352
vt 0.913196 0.081665
vt 0.907336 0.060389
vt 0.913196 0.061223
vt 0.913196 0.055069
vt 0.907336 0.053713
vt 0.907336 0.049020
vt 0.913196 0.052045
vt 0.907336 0.040989
vt 0.913196 0.043701
vt 0.907336 0.032750
vt 0.371505 0.730190
vt 0.364790 0.730295
vt 0.371505 0.715380
vt 0.364790 0.716319
vt 0.364790 0.704220
vt 0.371505 0.703699
vt 0.364790 0.694625
vt 0.371505 0.694625
vt 0.364790 0.684925
vt 0.371505 0.684716
vt 0.364790 0.674495
vt 0.371505 0.673452
vt 0.364790 0.670323
vt 0.364790 0.665213
vt 0.371505 0.668967
vt 0.371505 0.663961
vt 0.371505 0.659268
vt 0.364790 0.660415
vt 0.371505 0.654157
vt 0.364790 0.654887
vt 0.364790 0.649046
vt 0.364790 0.644040
vt 0.371505 0.648734
vt 0.371505 0.644249
vt 0.364790 0.638721
vt 0.371505 0.639242
vt 0.371505 0.633923
vt 0.364790 0.633089
vt 0.364790 0.621512
vt 0.371505 0.621720
vt 0.364790 0.611812
vt 0.371505 0.611916
vt 0.364790 0.602217
vt 0.371505 0.602947
vt 0.371505 0.591370
vt 0.364790 0.590014
vt 0.364790 0.575829
vt 0.371505 0.576246
vt 0.393968 0.016896
vt 0.392259 0.001877
vt 0.399340 0.011368
vt 0.397631 0.004798
vt 0.530948 0.834906
vt 0.527041 0.837096
vt 0.528994 0.833654
vt 0.524599 0.834906
vt 0.528994 0.784217
vt 0.524599 0.784634
vt 0.528994 0.780566
vt 0.524599 0.780149
vt 0.528994 0.746148
vt 0.524599 0.746044
vt 0.528994 0.740620
vt 0.524599 0.740620
vt 0.528994 0.734571
vt 0.524599 0.734675
vt 0.528994 0.702969
vt 0.524599 0.702969
vt 0.528994 0.698588
vt 0.524599 0.698588
vt 0.528994 0.693269
vt 0.524599 0.693373
vt 0.528994 0.658955
vt 0.524599 0.658329
vt 0.519228 0.736135
vt 0.519228 0.701821
vt 0.519228 0.698588
vt 0.519228 0.694729
vt 0.519228 0.656139
vt 0.513612 0.736970
vt 0.513612 0.701091
vt 0.513612 0.698588
vt 0.513612 0.695668
vt 0.513612 0.654991
vt 0.513612 0.740724
vt 0.519228 0.740620
vt 0.513612 0.743958
vt 0.519228 0.744688
vt 0.513123 0.780149
vt 0.519228 0.780879
vt 0.513489 0.780983
vt 0.519228 0.782444
vt 0.519228 0.839182
vt 0.951164 0.839912
vt 0.951164 0.826353
vt 0.955926 0.840329
vt 0.955926 0.826875
vt 0.951164 0.812273
vt 0.955926 0.812794
vt 0.951164 0.801947
vt 0.955926 0.802156
vt 0.951164 0.791100
vt 0.955926 0.790996
vt 0.951164 0.775143
vt 0.955926 0.775247
vt 0.951164 0.759185
vt 0.955926 0.759394
vt 0.951164 0.747295
vt 0.955926 0.747712
vt 0.951164 0.735405
vt 0.955926 0.735927
vt 0.951164 0.723620
vt 0.955926 0.724037
vt 0.951164 0.714963
vt 0.955926 0.715901
vt 0.951164 0.702447
vt 0.955926 0.702343
vt 0.951164 0.690348
vt 0.955926 0.689618
vt 0.951164 0.678667
vt 0.955926 0.677728
vt 0.951164 0.666673
vt 0.955926 0.665526
vt 0.951164 0.654053
vt 0.955926 0.652905
vt 0.951164 0.641224
vt 0.955926 0.640285
vt 0.951164 0.621720
vt 0.955926 0.621095
vt 0.951164 0.599609
vt 0.955926 0.599296
vt 0.951164 0.559976
vt 0.955926 0.559872
vt 0.951164 0.522324
vt 0.955926 0.522324
vt 0.951164 0.499692
vt 0.955926 0.499692
vt 0.951164 0.474973
vt 0.955926 0.474973
vt 0.951164 0.454426
vt 0.955926 0.454426
vt 0.951164 0.436383
vt 0.955926 0.436487
vt 0.951164 0.416775
vt 0.955926 0.416983
vt 0.951164 0.394977
vt 0.955926 0.395185
vt 0.951164 0.371718
vt 0.955926 0.371927
vt 0.951164 0.352527
vt 0.955926 0.352840
vt 0.951164 0.340324
vt 0.955926 0.340533
vt 0.951164 0.327913
vt 0.955926 0.328122
vt 0.951164 0.314980
vt 0.955926 0.315501
vt 0.951164 0.306949
vt 0.955926 0.307158
vt 0.951164 0.299127
vt 0.955926 0.299231
vt 0.951164 0.291409
vt 0.955926 0.291513
vt 0.951164 0.283586
vt 0.955926 0.283586
vt 0.951164 0.275868
vt 0.955926 0.275764
vt 0.951164 0.264395
vt 0.955926 0.264291
vt 0.951164 0.248855
vt 0.955926 0.248959
vt 0.951164 0.237174
vt 0.955926 0.237174
vt 0.951164 0.226118
vt 0.955926 0.226222
vt 0.951164 0.211308
vt 0.955926 0.211308
vt 0.951164 0.200356
vt 0.955926 0.200565
vt 0.951164 0.189197
vt 0.955926 0.189301
vt 0.951164 0.178350
vt 0.955926 0.178558
vt 0.951164 0.167398
vt 0.955926 0.167607
vt 0.951164 0.156656
vt 0.955926 0.156551
vt 0.951164 0.149355
vt 0.955926 0.149563
vt 0.951164 0.142054
vt 0.955926 0.142262
vt 0.951164 0.134649
vt 0.955926 0.134962
vt 0.951164 0.127139
vt 0.955926 0.127452
vt 0.951164 0.119630
vt 0.955926 0.119943
vt 0.951164 0.112225
vt 0.955926 0.112433
vt 0.951164 0.104715
vt 0.955926 0.104924
vt 0.951164 0.093138
vt 0.955926 0.093347
vt 0.951164 0.081144
vt 0.955926 0.081248
vt 0.951164 0.068941
vt 0.955926 0.069150
vt 0.951164 0.057051
vt 0.955926 0.057260
vt 0.951164 0.045161
vt 0.955926 0.045370
vt 0.951164 0.032437
vt 0.955926 0.032750
vt 0.951164 0.021277
vt 0.955926 0.022633
vt 0.339763 0.739160
vt 0.334391 0.739473
vt 0.334391 0.754179
vt 0.339763 0.753657
vt 0.522646 0.842832
vt 0.513612 0.845544
vt 0.513612 0.841476
vt 0.507874 0.842415
vt 0.507752 0.839495
vt 0.503356 0.837826
vt 0.502502 0.835636
vt 0.499450 0.837513
vt 0.498107 0.834906
vt 0.507752 0.782652
vt 0.507752 0.780983
vt 0.507752 0.744792
vt 0.507752 0.740724
vt 0.507752 0.736135
vt 0.507752 0.701821
vt 0.502502 0.734779
vt 0.502502 0.703073
vt 0.498107 0.703177
vt 0.502502 0.698692
vt 0.498107 0.698797
vt 0.502502 0.693582
vt 0.498107 0.693477
vt 0.498107 0.659163
vt 0.502502 0.784947
vt 0.502502 0.780462
vt 0.502502 0.746148
vt 0.498107 0.746252
vt 0.502502 0.740724
vt 0.498107 0.740724
vt 0.498107 0.734675
vt 0.507752 0.656243
vt 0.507752 0.694833
vt 0.502502 0.658538
vt 0.507752 0.698588
vt 0.371505 0.576246
vt 0.364790 0.575829
vt 0.371505 0.591370
vt 0.364790 0.590014
vt 0.364790 0.602217
vt 0.371505 0.602947
vt 0.371505 0.611916
vt 0.364790 0.611812
vt 0.371505 0.621720
vt 0.364790 0.621512
vt 0.371505 0.633923
vt 0.364790 0.633089
vt 0.364790 0.638721
vt 0.371505 0.639242
vt 0.371505 0.644249
vt 0.364790 0.644040
vt 0.371505 0.648734
vt 0.371505 0.654157
vt 0.364790 0.649046
vt 0.364790 0.654887
vt 0.364790 0.660415
vt 0.371505 0.659268
vt 0.364790 0.665213
vt 0.371505 0.663961
vt 0.364790 0.670323
vt 0.371505 0.668967
vt 0.371505 0.673452
vt 0.364790 0.674495
vt 0.371505 0.684716
vt 0.364790 0.684925
vt 0.371505 0.694625
vt 0.364790 0.694625
vt 0.371505 0.703699
vt 0.364790 0.704220
vt 0.371505 0.715380
vt 0.364790 0.716319
vt 0.364790 0.730295
vt 0.498107 0.780879
vt 0.498107 0.784530
vt 0.335245 0.505220
vt 0.329385 0.506784
vt 0.339640 0.500943
vt 0.323403 0.505741
vt 0.318642 0.501465
vt 0.316566 0.493434
vt 0.340983 0.493330
vt 0.316078 0.484464
vt 0.340983 0.484986
vt 0.315834 0.473826
vt 0.341350 0.474660
vt 0.316078 0.457034
vt 0.342571 0.457764
vt 0.316444 0.439616
vt 0.344524 0.440138
vt 0.316078 0.414793
vt 0.346721 0.415523
vt 0.317909 0.380583
vt 0.346721 0.381314
vt 0.318276 0.362644
vt 0.346355 0.363270
vt 0.318154 0.345748
vt 0.333658 0.342932
vt 0.346111 0.346269
vt 0.343913 0.338134
vt 0.319985 0.338134
vt 0.324868 0.331146
vt 0.331827 0.328956
vt 0.338664 0.331355
vt 0.602367 0.588554
vt 0.602489 0.594603
vt 0.588694 0.588345
vt 0.588450 0.594811
vt 0.602734 0.614211
vt 0.586008 0.613377
vt 0.584055 0.594811
vt 0.569771 0.614315
vt 0.569404 0.594603
vt 0.600780 0.625788
vt 0.571846 0.625892
vt 0.594798 0.627978
vt 0.578317 0.628083
vt 0.339763 0.767842
vt 0.334391 0.768676
vt 0.339763 0.785051
vt 0.334391 0.785468
vt 0.339763 0.794438
vt 0.334391 0.795898
vt 0.339763 0.809040
vt 0.334391 0.810500
vt 0.339763 0.822911
vt 0.334391 0.824371
vt 0.339763 0.843249
vt 0.334391 0.844710
vt 0.355267 0.575934
vt 0.348553 0.576872
vt 0.355267 0.591057
vt 0.348553 0.591057
vt 0.348553 0.602947
vt 0.355267 0.602842
vt 0.355267 0.612125
vt 0.348553 0.612751
vt 0.355267 0.622033
vt 0.348553 0.622242
vt 0.355267 0.633089
vt 0.348553 0.632463
vt 0.348553 0.637469
vt 0.355267 0.638512
vt 0.355267 0.643310
vt 0.348553 0.642163
vt 0.355267 0.649568
vt 0.355267 0.654783
vt 0.348553 0.648525
vt 0.348553 0.653948
vt 0.348553 0.660102
vt 0.355267 0.660415
vt 0.348553 0.666464
vt 0.355267 0.666256
vt 0.348553 0.671366
vt 0.355267 0.670845
vt 0.355267 0.676373
vt 0.348553 0.676894
vt 0.355267 0.688471
vt 0.348553 0.688367
vt 0.355267 0.698275
vt 0.348553 0.697962
vt 0.348553 0.707975
vt 0.355267 0.707766
vt 0.355267 0.720282
vt 0.348553 0.720595
vt 0.355267 0.735301
vt 0.000000 0.000000
vt 0.000000 0.000000
vt 0.000000 0.000000
vt 0.000000 0.000000
vt 0.865705 0.821138
vt 0.865705 0.813316
vt 0.901354 0.809040
vt 0.901354 0.799653
vt 0.901354 0.795168
vt 0.865705 0.807267
vt 0.865705 0.801947
vt 0.901354 0.790683
vt 0.901354 0.781296
vt 0.865705 0.784217
vt 0.865705 0.771284
vt 0.901354 0.768885
vt 0.865705 0.758872
vt 0.901354 0.755222
vt 0.865705 0.730503
vt 0.901354 0.729669
vt 0.865705 0.704324
vt 0.901354 0.707453
vt 0.865705 0.679919
vt 0.901354 0.685446
vt 0.865705 0.648734
vt 0.901354 0.653636
vt 0.865705 0.632359
vt 0.901354 0.635488
vt 0.865705 0.615775
vt 0.901354 0.617027
vt 0.865705 0.591578
vt 0.901354 0.591787
vt 0.865705 0.563626
vt 0.901354 0.563835
vt 0.865705 0.528895
vt 0.901354 0.529208
vt 0.865705 0.503446
vt 0.901354 0.504594
vt 0.865705 0.484256
vt 0.901354 0.485090
vt 0.865705 0.465586
vt 0.901354 0.465899
vt 0.865705 0.431585
vt 0.901354 0.431481
vt 0.865705 0.372865
vt 0.901354 0.372448
vt 0.865705 0.329373
vt 0.901354 0.328852
vt 0.865705 0.304550
vt 0.901354 0.303924
vt 0.865705 0.276807
vt 0.901354 0.275868
vt 0.865705 0.243223
vt 0.901354 0.241346
vt 0.865705 0.225075
vt 0.901354 0.222468
vt 0.865705 0.207136
vt 0.901354 0.204215
vt 0.865705 0.191700
vt 0.901354 0.186589
vt 0.865705 0.180644
vt 0.901354 0.171570
vt 0.901354 0.162913
vt 0.865705 0.173865
vt 0.865705 0.167398
vt 0.901354 0.154778
vt 0.901354 0.146226
vt 0.865705 0.159472
vt 0.865705 0.150502
vt 0.901354 0.137986
vt 0.901354 0.127765
vt 0.865705 0.138508
vt 0.865705 0.125783
vt 0.901354 0.118587
vt 0.865705 0.104924
vt 0.901354 0.103046
vt 0.865705 0.076346
vt 0.901354 0.075616
vt 0.865705 0.042971
vt 0.901354 0.040572
vt 0.865705 0.017731
vt 0.901354 0.016375
vt 0.707971 0.019712
vt 0.707971 0.026700
vt 0.672566 0.013246
vt 0.672566 0.020025
vt 0.707971 0.035566
vt 0.672566 0.027535
vt 0.707971 0.040363
vt 0.672566 0.037234
vt 0.707971 0.047977
vt 0.672566 0.043492
vt 0.672566 0.066959
vt 0.707971 0.071340
vt 0.672566 0.090426
vt 0.707971 0.093764
vt 0.672566 0.113893
vt 0.707971 0.115979
vt 0.707971 0.138821
vt 0.672566 0.138195
vt 0.707971 0.192638
vt 0.672566 0.192951
vt 0.707971 0.225492
vt 0.672566 0.225492
vt 0.707971 0.232689
vt 0.672566 0.232272
vt 0.672566 0.516588
vt 0.707971 0.516484
vt 0.707971 0.520656
vt 0.672566 0.521281
vt 0.707971 0.524723
vt 0.672566 0.525245
vt 0.707971 0.531190
vt 0.672566 0.531398
vt 0.707971 0.539638
vt 0.672566 0.539846
vt 0.707971 0.559037
vt 0.672566 0.560080
vt 0.672566 0.610665
vt 0.707971 0.610456
vt 0.707971 0.642997
vt 0.672566 0.641433
vt 0.672566 0.669697
vt 0.707971 0.671575
vt 0.672566 0.699631
vt 0.707971 0.700465
vt 0.707971 0.712042
vt 0.672566 0.711625
vt 0.707971 0.720491
vt 0.672566 0.720386
vt 0.707971 0.725393
vt 0.672566 0.725497
vt 0.707971 0.728417
vt 0.672566 0.728834
vt 0.707971 0.730295
vt 0.672566 0.730816
vt 0.707971 0.731755
vt 0.672566 0.732068
vt 0.707971 0.734258
vt 0.672566 0.734466
vt 0.707971 0.736344
vt 0.672566 0.736448
vt 0.672566 0.740516
vt 0.707971 0.740933
vt 0.707971 0.754179
vt 0.672566 0.750320
vt 0.672566 0.762836
vt 0.707971 0.767112
vt 0.707971 0.775247
vt 0.672566 0.770554
vt 0.707971 0.783278
vt 0.672566 0.777959
vt 0.707971 0.794855
vt 0.672566 0.788910
vt 0.707971 0.809770
vt 0.672566 0.803720
vt 0.707971 0.820617
vt 0.672566 0.814880
vt 0.707971 0.831777
vt 0.672566 0.826144
vt 0.748381 0.013246
vt 0.748381 0.024406
vt 0.713587 0.017001
vt 0.713587 0.026387
vt 0.748381 0.037652
vt 0.713587 0.037652
vt 0.748381 0.050376
vt 0.713587 0.049750
vt 0.748381 0.062996
vt 0.713587 0.061849
vt 0.748381 0.075929
vt 0.713587 0.073530
vt 0.748381 0.088862
vt 0.713587 0.085107
vt 0.748381 0.101169
vt 0.713587 0.097101
vt 0.748381 0.109200
vt 0.713587 0.105237
vt 0.748381 0.117022
vt 0.713587 0.113268
vt 0.748381 0.124949
vt 0.713587 0.121194
vt 0.748381 0.132563
vt 0.713587 0.128912
vt 0.748381 0.139968
vt 0.713587 0.136526
vt 0.748381 0.147060
vt 0.713587 0.143931
vt 0.748381 0.154048
vt 0.713587 0.151232
vt 0.748381 0.164478
vt 0.713587 0.162079
vt 0.748381 0.175012
vt 0.713587 0.172926
vt 0.748381 0.185859
vt 0.713587 0.184086
vt 0.748381 0.196810
vt 0.713587 0.195663
vt 0.748381 0.208075
vt 0.713587 0.207762
vt 0.748381 0.223928
vt 0.713587 0.224658
vt 0.748381 0.236339
vt 0.713587 0.237904
vt 0.748381 0.249481
vt 0.713587 0.251254
vt 0.748381 0.267316
vt 0.713587 0.268672
vt 0.748381 0.280770
vt 0.713587 0.281396
vt 0.748381 0.289636
vt 0.713587 0.289844
vt 0.748381 0.298397
vt 0.713587 0.298501
vt 0.748381 0.307262
vt 0.713587 0.307158
vt 0.748381 0.316023
vt 0.713587 0.315814
vt 0.748381 0.324784
vt 0.713587 0.324367
vt 0.748381 0.337821
vt 0.713587 0.337195
vt 0.748381 0.350963
vt 0.713587 0.350024
vt 0.748381 0.364104
vt 0.713587 0.362540
vt 0.748381 0.384025
vt 0.713587 0.381209
vt 0.748381 0.407388
vt 0.713587 0.404155
vt 0.748381 0.429708
vt 0.713587 0.427518
vt 0.748381 0.449733
vt 0.713587 0.448586
vt 0.748381 0.467881
vt 0.713587 0.467359
vt 0.748381 0.488323
vt 0.713587 0.488115
vt 0.748381 0.513042
vt 0.713587 0.512833
vt 0.748381 0.535883
vt 0.713587 0.535362
vt 0.748381 0.573013
vt 0.713587 0.572492
vt 0.748381 0.610873
vt 0.713587 0.609935
vt 0.748381 0.632254
vt 0.713587 0.630690
vt 0.748381 0.651341
vt 0.713587 0.649359
vt 0.748381 0.664170
vt 0.713587 0.661771
vt 0.748381 0.676894
vt 0.713587 0.673974
vt 0.748381 0.689097
vt 0.713587 0.685968
vt 0.748381 0.700570
vt 0.713587 0.697754
vt 0.748381 0.711730
vt 0.713587 0.709226
vt 0.748381 0.723098
vt 0.713587 0.720491
vt 0.748381 0.730712
vt 0.713587 0.727896
vt 0.748381 0.741976
vt 0.713587 0.739056
vt 0.748381 0.753344
vt 0.713587 0.750633
vt 0.748381 0.764817
vt 0.713587 0.762731
vt 0.748381 0.780671
vt 0.713587 0.779210
vt 0.748381 0.797150
vt 0.713587 0.795064
vt 0.748381 0.809352
vt 0.713587 0.806328
vt 0.748381 0.821347
vt 0.713587 0.817175
vt 0.748381 0.836991
vt 0.713587 0.831881
vt 0.748381 0.852219
vt 0.713587 0.846483
vt 0.569282 0.590952
vt 0.583688 0.590744
vt 0.569282 0.588449
vt 0.583566 0.588241
vt 0.569282 0.586468
vt 0.583566 0.586989
vt 0.471859 0.703281
vt 0.476498 0.704220
vt 0.471859 0.693060
vt 0.476498 0.693060
vt 0.471859 0.684612
vt 0.476498 0.684508
vt 0.471859 0.674912
vt 0.476498 0.675225
vt 0.476498 0.662918
vt 0.471859 0.662397
vt 0.471859 0.649255
vt 0.476498 0.649568
vt 0.471859 0.636218
vt 0.476498 0.636426
vt 0.471859 0.624536
vt 0.476498 0.624954
vt 0.476498 0.614524
vt 0.471859 0.613898
vt 0.471859 0.603051
vt 0.476498 0.603364
vt 0.471859 0.592100
vt 0.476498 0.591683
vt 0.471859 0.586155
vt 0.476498 0.585738
vt 0.476498 0.580836
vt 0.471859 0.581148
vt 0.476498 0.575203
vt 0.471859 0.574995
vt 0.476498 0.570406
vt 0.471859 0.569676
vt 0.476498 0.565399
vt 0.471859 0.564565
vt 0.476498 0.559142
vt 0.471859 0.558099
vt 0.460749 0.714650
vt 0.460749 0.709644
vt 0.465022 0.715797
vt 0.465022 0.710687
vt 0.465022 0.704950
vt 0.460749 0.704324
vt 0.460749 0.694103
vt 0.465022 0.693895
vt 0.460749 0.684091
vt 0.465022 0.683361
vt 0.460749 0.673557
vt 0.465022 0.673035
vt 0.465022 0.661562
vt 0.460749 0.661875
vt 0.460749 0.649672
vt 0.465022 0.649464
vt 0.465022 0.636948
vt 0.460749 0.637261
vt 0.460749 0.625892
vt 0.465022 0.625684
vt 0.460749 0.615984
vt 0.465022 0.615984
vt 0.460749 0.606389
vt 0.465022 0.606180
vt 0.460749 0.596480
vt 0.465022 0.595646
vt 0.460749 0.592204
vt 0.460749 0.586885
vt 0.465022 0.590952
vt 0.465022 0.585633
vt 0.465022 0.580836
vt 0.460749 0.581774
vt 0.465022 0.575725
vt 0.460749 0.576351
vt 0.460749 0.570927
vt 0.460749 0.566234
vt 0.465022 0.570823
vt 0.465022 0.566651
vt 0.460749 0.561019
vt 0.465022 0.561540
vt 0.465022 0.556326
vt 0.602123 0.586572
vt 0.588572 0.586781
vt 0.000000 0.000000
vt 0.000000 0.000000
vt 0.000000 0.000000
vt 0.000000 0.000000
vt 0.471859 0.703281
vt 0.471859 0.693060
vt 0.476498 0.704220
vt 0.476498 0.693060
vt 0.471859 0.684612
vt 0.476498 0.684508
vt 0.471859 0.674912
vt 0.476498 0.675225
vt 0.476498 0.662918
vt 0.471859 0.662397
vt 0.471859 0.649255
vt 0.476498 0.649568
vt 0.471859 0.636218
vt 0.476498 0.636426
vt 0.471859 0.624536
vt 0.476498 0.624954
vt 0.476498 0.614524
vt 0.471859 0.613898
vt 0.471859 0.603051
vt 0.476498 0.603364
vt 0.471859 0.592100
vt 0.476498 0.591683
vt 0.471859 0.586155
vt 0.476498 0.585738
vt 0.476498 0.580836
vt 0.471859 0.581148
vt 0.476498 0.575203
vt 0.471859 0.574995
vt 0.476498 0.570406
vt 0.471859 0.569676
vt 0.476498 0.565399
vt 0.471859 0.564565
vt 0.476498 0.559142
vt 0.406909 0.846900
vt 0.406909 0.825519
vt 0.411793 0.847838
vt 0.411793 0.824163
vt 0.406909 0.812690
vt 0.411793 0.813733
vt 0.406909 0.802573
vt 0.411793 0.802886
vt 0.406909 0.795794
vt 0.411793 0.795585
vt 0.406909 0.783382
vt 0.411793 0.783695
vt 0.411793 0.773265
vt 0.406909 0.773370
vt 0.460749 0.714650
vt 0.465022 0.715797
vt 0.460749 0.709644
vt 0.465022 0.710687
vt 0.465022 0.704950
vt 0.460749 0.704324
vt 0.460749 0.694103
vt 0.465022 0.693895
vt 0.460749 0.684091
vt 0.465022 0.683361
vt 0.460749 0.673557
vt 0.465022 0.673035
vt 0.465022 0.661562
vt 0.460749 0.661875
vt 0.460749 0.649672
vt 0.465022 0.649464
vt 0.465022 0.636948
vt 0.460749 0.637261
vt 0.460749 0.625892
vt 0.465022 0.625684
vt 0.460749 0.615984
vt 0.465022 0.615984
vt 0.460749 0.606389
vt 0.465022 0.606180
vt 0.460749 0.596480
vt 0.465022 0.595646
vt 0.460749 0.592204
vt 0.465022 0.590952
vt 0.465022 0.585633
vt 0.460749 0.586885
vt 0.465022 0.580836
vt 0.460749 0.581774
vt 0.465022 0.575725
vt 0.460749 0.576351
vt 0.460749 0.570927
vt 0.460749 0.566234
vt 0.465022 0.570823
vt 0.465022 0.566651
vt 0.460749 0.561019
vt 0.465022 0.561540
vt 0.465022 0.556326
vt 0.999998 0.592934
vt 0.995725 0.596480
vt 0.999998 0.586259
vt 0.995725 0.590744
vt 0.995725 0.586155
vt 0.999998 0.580627
vt 0.995725 0.581566
vt 0.995725 0.578019
vt 0.999998 0.574369
vt 0.999998 0.557160
vt 0.995725 0.557786
vt 0.999998 0.546417
vt 0.995725 0.545583
vt 0.999998 0.537343
vt 0.995725 0.536092
vt 0.995725 0.516275
vt 0.999998 0.517631
vt 0.995725 0.498232
vt 0.999998 0.499379
vt 0.995725 0.481127
vt 0.999998 0.481857
vt 0.995725 0.457868
vt 0.999998 0.458285
vt 0.995725 0.445352
vt 0.999998 0.445561
vt 0.995725 0.432420
vt 0.999998 0.432628
vt 0.995725 0.413750
vt 0.999998 0.413854
vt 0.995725 0.392369
vt 0.999998 0.392369
vt 0.995725 0.366503
vt 0.999998 0.365982
vt 0.995725 0.348355
vt 0.999998 0.347625
vt 0.995725 0.334484
vt 0.999998 0.333962
vt 0.995725 0.320821
vt 0.999998 0.320821
vt 0.995725 0.296728
vt 0.999998 0.296623
vt 0.999998 0.255843
vt 0.995725 0.255843
vt 0.995725 0.225388
vt 0.999998 0.225388
vt 0.995725 0.208387
vt 0.999998 0.208387
vt 0.995725 0.189509
vt 0.999998 0.189301
vt 0.995725 0.166251
vt 0.999998 0.165938
vt 0.995725 0.153318
vt 0.999998 0.153005
vt 0.995725 0.140072
vt 0.999998 0.139968
vt 0.995725 0.128182
vt 0.999998 0.128287
vt 0.995725 0.119421
vt 0.999998 0.119734
vt 0.999998 0.113998
vt 0.995725 0.113998
vt 0.995725 0.109200
vt 0.999998 0.108574
vt 0.999998 0.102108
vt 0.995725 0.102734
vt 0.995725 0.095746
vt 0.999998 0.095120
vt 0.999998 0.086150
vt 0.995725 0.086880
vt 0.995725 0.077598
vt 0.999998 0.077181
vt 0.995725 0.063726
vt 0.999998 0.063413
vt 0.995725 0.044535
vt 0.999998 0.044222
vt 0.995725 0.021381
vt 0.999998 0.021381
vt 0.995725 0.003755
vt 0.999998 0.003859
vt 0.989621 0.003755
vt 0.989621 0.022528
vt 0.984738 0.004172
vt 0.984738 0.022946
vt 0.989621 0.050063
vt 0.984738 0.050167
vt 0.989621 0.071444
vt 0.984738 0.071653
vt 0.989621 0.083856
vt 0.984738 0.084064
vt 0.984738 0.091574
vt 0.989621 0.091156
vt 0.989621 0.099605
vt 0.984738 0.099917
vt 0.984738 0.106801
vt 0.989621 0.106593
vt 0.989621 0.113789
vt 0.984738 0.114102
vt 0.984738 0.120986
vt 0.989621 0.120673
vt 0.989621 0.127869
vt 0.984738 0.128599
vt 0.989621 0.140802
vt 0.984738 0.141011
vt 0.989621 0.155404
vt 0.984738 0.155404
vt 0.989621 0.170423
vt 0.984738 0.170319
vt 0.989621 0.185338
vt 0.984738 0.185233
vt 0.989621 0.212038
vt 0.984738 0.212142
vt 0.989621 0.233419
vt 0.984738 0.233732
vt 0.989621 0.252505
vt 0.984738 0.252610
vt 0.989621 0.286194
vt 0.984738 0.286298
vt 0.984738 0.332398
vt 0.989621 0.332293
vt 0.989621 0.358889
vt 0.984738 0.358889
vt 0.989621 0.373804
vt 0.984738 0.373074
vt 0.989621 0.389136
vt 0.984738 0.388301
vt 0.989621 0.408535
vt 0.984738 0.408014
vt 0.989621 0.436696
vt 0.984738 0.436696
vt 0.989621 0.459850
vt 0.984738 0.459954
vt 0.989621 0.480084
vt 0.984738 0.480084
vt 0.989621 0.494060
vt 0.984738 0.494060
vt 0.989621 0.507827
vt 0.984738 0.507618
vt 0.989621 0.532337
vt 0.984738 0.532128
vt 0.989621 0.549650
vt 0.984738 0.549546
vt 0.989621 0.567798
vt 0.984738 0.567798
vt 0.989621 0.588241
vt 0.984738 0.588345
vt 0.984738 0.599714
vt 0.989621 0.598983
vt 0.984738 0.611186
vt 0.989621 0.610456
vt 0.984738 0.620573
vt 0.989621 0.623598
vt 0.989621 0.629960
vt 0.984738 0.625684
vt 0.984738 0.630481
vt 0.989621 0.632150
vt 0.984738 0.638304
vt 0.379684 0.568841
vt 0.379684 0.565712
vt 0.413624 0.568424
vt 0.413624 0.565712
vt 0.413624 0.532858
vt 0.379684 0.532441
vt 0.379684 0.468089
vt 0.413624 0.467359
vt 0.379684 0.440868
vt 0.413624 0.438469
vt 0.413624 0.410413
vt 0.379684 0.414376
vt 0.413624 0.382252
vt 0.379684 0.387676
vt 0.413624 0.353987
vt 0.379684 0.359932
vt 0.379684 0.350650
vt 0.413624 0.346165
vt 0.379684 0.344183
vt 0.413624 0.333545
vt 0.379684 0.333128
vt 0.413624 0.323845
vt 0.379684 0.323428
vt 0.413624 0.314354
vt 0.406909 0.762418
vt 0.411793 0.762314
vt 0.406909 0.614002
vt 0.411793 0.614420
vt 0.973750 0.008344
vt 0.973750 0.030664
vt 0.978633 0.008761
vt 0.978633 0.031185
vt 0.973750 0.058615
vt 0.978633 0.059137
vt 0.973750 0.081665
vt 0.978633 0.082187
vt 0.973750 0.104819
vt 0.978633 0.105237
vt 0.973750 0.120568
vt 0.978633 0.120986
vt 0.973750 0.136526
vt 0.978633 0.137048
vt 0.973750 0.147060
vt 0.978633 0.147060
vt 0.973750 0.162183
vt 0.978633 0.162079
vt 0.973750 0.182000
vt 0.978633 0.182104
vt 0.973750 0.202130
vt 0.978633 0.202338
vt 0.973750 0.217566
vt 0.978633 0.217670
vt 0.973750 0.233210
vt 0.978633 0.233106
vt 0.973750 0.253236
vt 0.978633 0.253236
vt 0.973750 0.272948
vt 0.978633 0.272948
vt 0.973750 0.287758
vt 0.978633 0.287654
vt 0.973750 0.302256
vt 0.978633 0.302047
vt 0.973750 0.321864
vt 0.978633 0.321759
vt 0.973750 0.342306
vt 0.978633 0.342619
vt 0.973750 0.358159
vt 0.978633 0.358159
vt 0.973750 0.374117
vt 0.978633 0.374326
vt 0.973750 0.390492
vt 0.978633 0.390805
vt 0.973750 0.407284
vt 0.978633 0.407597
vt 0.973750 0.429499
vt 0.978633 0.430125
vt 0.973750 0.445561
vt 0.978633 0.446083
vt 0.973750 0.461623
vt 0.978633 0.462040
vt 0.973750 0.484047
vt 0.978633 0.484464
vt 0.973750 0.501048
vt 0.978633 0.501360
vt 0.973750 0.518048
vt 0.978633 0.518257
vt 0.973750 0.549650
vt 0.978633 0.549755
vt 0.973750 0.569154
vt 0.978633 0.569259
vt 0.973750 0.598566
vt 0.978633 0.598775
vt 0.973750 0.635071
vt 0.978633 0.635279
vt 0.973750 0.651132
vt 0.978633 0.651341
vt 0.973750 0.667194
vt 0.978633 0.667299
vt 0.973750 0.683361
vt 0.978633 0.683361
vt 0.973750 0.699527
vt 0.978633 0.699318
vt 0.973750 0.715589
vt 0.978633 0.715276
vt 0.973750 0.731755
vt 0.978633 0.731338
vt 0.973750 0.748547
vt 0.978633 0.748338
vt 0.973750 0.764296
vt 0.978633 0.764504
vt 0.973750 0.773474
vt 0.978633 0.773474
vt 0.973750 0.780879
vt 0.978633 0.780462
vt 0.973750 0.790370
vt 0.978633 0.790370
vt 0.973750 0.799131
vt 0.978633 0.799444
vt 0.973750 0.805806
vt 0.978633 0.804972
vt 0.973750 0.815297
vt 0.978633 0.815715
vt 0.000000 0.829899
vt 0.000000 0.812273
vt 0.001709 0.829899
vt 0.001709 0.812273
vt 0.014162 0.829899
vt 0.014162 0.812273
vt 0.000000 0.794855
vt 0.001709 0.794855
vt 0.014162 0.794855
vt 0.001709 0.776916
vt 0.014162 0.776916
vt 0.001709 0.757934
vt 0.014162 0.757934
vt 0.001709 0.736657
vt 0.014162 0.736657
vt 0.001709 0.712460
vt 0.014162 0.712460
vt 0.001709 0.686907
vt 0.014162 0.686907
vt 0.014162 0.662084
vt 0.000000 0.712460
vt 0.000000 0.736657
vt 0.000000 0.757934
vt 0.000000 0.776916
vt 0.000000 0.686907
vt 0.000000 0.662084
vt 0.001709 0.662084
vt 0.000000 0.637365
vt 0.001709 0.637365
vt 0.000000 0.611708
vt 0.001709 0.611708
vt 0.001709 0.585842
vt 0.014162 0.611708
vt 0.014162 0.585842
vt 0.014162 0.637365
vt 0.453424 0.290991
vt 0.453424 0.308409
vt 0.419850 0.292243
vt 0.419850 0.308931
vt 0.453424 0.331355
vt 0.419850 0.333232
vt 0.453424 0.350337
vt 0.419850 0.352214
vt 0.453424 0.364313
vt 0.419850 0.363374
vt 0.453424 0.373700
vt 0.419850 0.370154
vt 0.419850 0.377872
vt 0.453424 0.382774
vt 0.453424 0.390283
vt 0.419850 0.384338
vt 0.419850 0.391118
vt 0.453424 0.397062
vt 0.453424 0.402695
vt 0.419850 0.397688
vt 0.419850 0.404676
vt 0.453424 0.408640
vt 0.453424 0.418131
vt 0.419850 0.416671
vt 0.453424 0.430438
vt 0.419850 0.430229
vt 0.453424 0.443684
vt 0.419850 0.443788
vt 0.453424 0.456408
vt 0.419850 0.457138
vt 0.453424 0.479145
vt 0.419850 0.480397
vt 0.453424 0.497606
vt 0.419850 0.498753
vt 0.453424 0.514398
vt 0.419850 0.515024
vt 0.453424 0.544331
vt 0.419850 0.544331
vt 0.453424 0.584590
vt 0.419850 0.584695
vt 0.453424 0.607223
vt 0.419850 0.607849
vt 0.453424 0.619113
vt 0.419850 0.620156
vt 0.453424 0.631107
vt 0.419850 0.632359
vt 0.453424 0.647169
vt 0.419850 0.647482
vt 0.453424 0.669385
vt 0.419850 0.669385
vt 0.453424 0.687741
vt 0.419850 0.687637
vt 0.453424 0.704116
vt 0.419850 0.704429
vt 0.453424 0.715276
vt 0.419850 0.716632
vt 0.453424 0.726331
vt 0.419850 0.728522
vt 0.453424 0.747191
vt 0.419850 0.749277
vt 0.453424 0.763774
vt 0.419850 0.763566
vt 0.453424 0.781713
vt 0.419850 0.778585
vt 0.453424 0.800904
vt 0.419850 0.797045
vt 0.453424 0.809665
vt 0.419850 0.807684
vt 0.453424 0.819991
vt 0.419850 0.818009
vt 0.453424 0.834801
vt 0.419850 0.828439
vt 0.419850 0.832715
vt 0.453424 0.838452
vt 0.453424 0.842624
vt 0.419850 0.837304
vt 0.419850 0.841893
vt 0.453424 0.847108
vt 0.419850 0.847317
vt 0.014162 0.560393
vt 0.001709 0.560393
vt 0.001709 0.536509
vt 0.000000 0.536509
vt 0.000000 0.515128
vt 0.000000 0.560393
vt 0.000000 0.585842
vt 0.014162 0.536509
vt 0.001709 0.515128
vt 0.014162 0.515128
vt 0.001709 0.495937
vt 0.014162 0.495937
vt 0.001709 0.477893
vt 0.014162 0.477893
vt 0.001709 0.460476
vt 0.014162 0.460476
vt 0.001709 0.443267
vt 0.014162 0.443267
vt 0.001709 0.426057
vt 0.014162 0.426057
vt 0.014162 0.408952
vt 0.000000 0.495937
vt 0.000000 0.477893
vt 0.000000 0.460476
vt 0.000000 0.443267
vt 0.000000 0.426057
vt 0.000000 0.408952
vt 0.001709 0.408952
vt 0.000000 0.391848
vt 0.001709 0.391848
vt 0.000000 0.374847
vt 0.001709 0.374847
vt 0.000000 0.357951
vt 0.001709 0.357951
vt 0.000000 0.340846
vt 0.001709 0.340846
vt 0.000000 0.321864
vt 0.001709 0.321864
vt 0.000000 0.299648
vt 0.001709 0.299648
vt 0.001709 0.274617
vt 0.014162 0.299648
vt 0.014162 0.274617
vt 0.014162 0.391848
vt 0.014162 0.374847
vt 0.014162 0.357951
vt 0.014162 0.340846
vt 0.014162 0.321864
vt 0.014162 0.248438
vt 0.001709 0.248438
vt 0.001709 0.222572
vt 0.000000 0.222572
vt 0.000000 0.197436
vt 0.000000 0.248438
vt 0.000000 0.274617
vt 0.014162 0.222572
vt 0.001709 0.197436
vt 0.014162 0.197436
vt 0.001709 0.172196
vt 0.014162 0.172196
vt 0.014162 0.146747
vt 0.000000 0.172196
vt 0.000000 0.146747
vt 0.001709 0.146747
vt 0.000000 0.123280
vt 0.001709 0.123280
vt 0.000000 0.103359
vt 0.001709 0.103359
vt 0.000000 0.085629
vt 0.001709 0.085629
vt 0.000000 0.068732
vt 0.001709 0.068732
vt 0.000000 0.051836
vt 0.001709 0.051836
vt 0.000000 0.034731
vt 0.001709 0.034731
vt 0.001709 0.017626
vt 0.014162 0.034731
vt 0.014162 0.017626
vt 0.014162 0.123280
vt 0.014162 0.103359
vt 0.014162 0.085629
vt 0.014162 0.068732
vt 0.014162 0.051836
vt 0.526553 0.590848
vt 0.520326 0.598358
vt 0.527896 0.577811
vt 0.497863 0.577602
vt 0.498229 0.557681
vt 0.527407 0.557786
vt 0.498107 0.543080
vt 0.512147 0.541515
vt 0.509583 0.522742
vt 0.515077 0.522742
vt 0.510682 0.520760
vt 0.513978 0.520760
vt 0.527163 0.543080
vt 0.527163 0.523576
vt 0.514588 0.515441
vt 0.527285 0.515545
vt 0.514710 0.510226
vt 0.527285 0.510226
vt 0.514832 0.508140
vt 0.527407 0.506575
vt 0.514832 0.506888
vt 0.550481 0.363791
vt 0.536930 0.365356
vt 0.544499 0.339073
vt 0.532657 0.337717
vt 0.548284 0.335318
vt 0.536075 0.326348
vt 0.549016 0.319986
vt 0.552190 0.337195
vt 0.559638 0.328330
vt 0.555243 0.345644
vt 0.565376 0.344705
vt 0.565376 0.369528
vt 0.553167 0.369736
vt 0.565620 0.393412
vt 0.551458 0.393829
vt 0.498107 0.523680
vt 0.498229 0.515649
vt 0.510193 0.515545
vt 0.498229 0.510434
vt 0.510315 0.510226
vt 0.498473 0.507097
vt 0.510437 0.508244
vt 0.271883 0.000000
vt 0.271883 0.017626
vt 0.014162 0.000000
vt 0.271883 0.034731
vt 0.271883 0.051836
vt 0.271883 0.068732
vt 0.271883 0.085629
vt 0.271883 0.103359
vt 0.271883 0.123280
vt 0.271883 0.146747
vt 0.271883 0.172196
vt 0.271883 0.197436
vt 0.271883 0.222572
vt 0.271883 0.248438
vt 0.271883 0.274617
vt 0.271883 0.299648
vt 0.271883 0.321864
vt 0.271883 0.340846
vt 0.271883 0.357951
vt 0.271883 0.374847
vt 0.271883 0.391848
vt 0.271883 0.408952
vt 0.271883 0.426057
vt 0.271883 0.443267
vt 0.271883 0.460476
vt 0.271883 0.477893
vt 0.271883 0.495937
vt 0.271883 0.515128
vt 0.271883 0.536509
vt 0.271883 0.560393
vt 0.271883 0.585842
vt 0.271883 0.611708
vt 0.271883 0.637365
vt 0.271883 0.662084
vt 0.271883 0.686907
vt 0.271883 0.712460
vt 0.271883 0.736657
vt 0.271883 0.757934
vt 0.271883 0.776916
vt 0.271883 0.794855
vt 0.271883 0.812273
vt 0.271883 0.829899
vt 0.347332 0.745626
vt 0.361616 0.745731
vt 0.347332 0.767216
vt 0.362104 0.767216
vt 0.361860 0.824580
vt 0.347088 0.824580
vt 0.361372 0.847421
vt 0.347088 0.847421
vt 0.604443 0.308722
vt 0.604443 0.326661
vt 0.572212 0.310182
vt 0.572212 0.327913
vt 0.604443 0.336048
vt 0.572212 0.338447
vt 0.572212 0.349085
vt 0.604443 0.345331
vt 0.604443 0.355448
vt 0.572212 0.358785
vt 0.572212 0.369424
vt 0.604443 0.366399
vt 0.604443 0.382774
vt 0.572212 0.385694
vt 0.604443 0.398105
vt 0.572212 0.400504
vt 0.604443 0.416775
vt 0.572212 0.419382
vt 0.604443 0.434088
vt 0.572212 0.437113
vt 0.604443 0.446917
vt 0.572212 0.450254
vt 0.604443 0.462040
vt 0.572212 0.465378
vt 0.604443 0.473409
vt 0.572212 0.477685
vt 0.572212 0.489158
vt 0.604443 0.484360
vt 0.604443 0.494894
vt 0.572212 0.499900
vt 0.572212 0.510330
vt 0.604443 0.505115
vt 0.604443 0.517527
vt 0.572212 0.523472
vt 0.604443 0.524202
vt 0.572212 0.531294
vt 0.604443 0.534944
vt 0.572212 0.543497
vt 0.604443 0.546834
vt 0.572212 0.556117
vt 0.604443 0.566025
vt 0.572212 0.576246
vt 0.550725 0.477268
vt 0.555731 0.478311
vt 0.545232 0.477789
vt 0.540470 0.480084
vt 0.559882 0.481231
vt 0.564399 0.491244
vt 0.537296 0.484777
vt 0.535831 0.489366
vt 0.535099 0.499692
vt 0.565498 0.502299
vt 0.565376 0.509496
vt 0.535831 0.509079
vt 0.536564 0.518778
vt 0.564765 0.518570
vt 0.563422 0.531607
vt 0.537907 0.531607
vt 0.538761 0.545896
vt 0.562446 0.546000
vt 0.563056 0.559872
vt 0.537907 0.559872
vt 0.536319 0.571866
vt 0.564399 0.571762
vt 0.565009 0.581044
vt 0.535465 0.581044
vt 0.535343 0.589805
vt 0.564887 0.590118
vt 0.563911 0.601069
vt 0.536564 0.600339
vt 0.538273 0.605763
vt 0.562079 0.606284
vt 0.540959 0.610039
vt 0.559638 0.610665
vt 0.546086 0.612646
vt 0.928945 0.807788
vt 0.928945 0.789432
vt 0.935293 0.802886
vt 0.935293 0.784217
vt 0.928945 0.766382
vt 0.935293 0.760437
vt 0.935293 0.730190
vt 0.928945 0.735718
vt 0.935293 0.696815
vt 0.928945 0.700883
vt 0.935293 0.665004
vt 0.928945 0.667194
vt 0.935293 0.633506
vt 0.928945 0.633715
vt 0.935293 0.600756
vt 0.928945 0.598879
vt 0.935293 0.566755
vt 0.928945 0.563105
vt 0.935293 0.533693
vt 0.928945 0.528582
vt 0.935293 0.504281
vt 0.928945 0.498544
vt 0.928945 0.476120
vt 0.935293 0.480814
vt 0.928945 0.458703
vt 0.935293 0.462249
vt 0.928945 0.443684
vt 0.935293 0.446187
vt 0.928945 0.429916
vt 0.935293 0.431585
vt 0.928945 0.416775
vt 0.935293 0.417713
vt 0.928945 0.404050
vt 0.935293 0.404363
vt 0.928945 0.391535
vt 0.935293 0.391326
vt 0.928945 0.379228
vt 0.935293 0.378393
vt 0.928945 0.366607
vt 0.935293 0.365043
vt 0.928945 0.352944
vt 0.935293 0.350650
vt 0.928945 0.337091
vt 0.935293 0.334484
vt 0.928945 0.319256
vt 0.935293 0.316857
vt 0.935293 0.296728
vt 0.928945 0.298709
vt 0.935293 0.274930
vt 0.928945 0.276181
vt 0.935293 0.252610
vt 0.928945 0.253131
vt 0.928945 0.230081
vt 0.935293 0.230394
vt 0.928945 0.208596
vt 0.935293 0.209430
vt 0.928945 0.187006
vt 0.935293 0.188466
vt 0.928945 0.164374
vt 0.935293 0.166460
vt 0.928945 0.143097
vt 0.935293 0.145704
vt 0.928945 0.125366
vt 0.935293 0.128078
vt 0.928945 0.110660
vt 0.935293 0.112850
vt 0.928945 0.097206
vt 0.935293 0.098875
vt 0.928945 0.084899
vt 0.935293 0.085942
vt 0.928945 0.073321
vt 0.935293 0.073634
vt 0.928945 0.062057
vt 0.935293 0.061640
vt 0.928945 0.050272
vt 0.935293 0.049333
vt 0.928945 0.038173
vt 0.935293 0.036400
vt 0.935293 0.022633
vt 0.928945 0.025240
vt 0.928945 0.011056
vt 0.935293 0.008344
vt 0.918812 0.021798
vt 0.923817 0.021277
vt 0.918812 0.030246
vt 0.923817 0.029725
vt 0.918812 0.038695
vt 0.923817 0.039112
vt 0.918812 0.050480
vt 0.923817 0.051002
vt 0.923817 0.058720
vt 0.918812 0.057781
vt 0.918812 0.081978
vt 0.923817 0.083021
vt 0.918812 0.106488
vt 0.923817 0.106801
vt 0.918812 0.130790
vt 0.923817 0.130685
vt 0.918812 0.155091
vt 0.923817 0.154778
vt 0.918812 0.208387
vt 0.923817 0.208075
vt 0.918812 0.233210
vt 0.923817 0.236548
vt 0.918812 0.236339
vt 0.923817 0.236131
vt 0.918812 0.526079
vt 0.923817 0.525140
vt 0.923817 0.526914
vt 0.923817 0.528895
vt 0.918812 0.532650
vt 0.923817 0.533589
vt 0.918812 0.541098
vt 0.923817 0.541202
vt 0.923817 0.560497
vt 0.918812 0.560602
vt 0.918812 0.609726
vt 0.923817 0.609830
vt 0.918812 0.639868
vt 0.923817 0.639973
vt 0.918812 0.667611
vt 0.923817 0.667194
vt 0.918812 0.696711
vt 0.923817 0.696189
vt 0.918812 0.708288
vt 0.923817 0.707975
vt 0.918812 0.716944
vt 0.923817 0.716527
vt 0.918812 0.721638
vt 0.923817 0.721638
vt 0.918812 0.724871
vt 0.923817 0.725080
vt 0.918812 0.727479
vt 0.923817 0.727479
vt 0.918812 0.729982
vt 0.923817 0.729252
vt 0.918812 0.732902
vt 0.923817 0.732589
vt 0.923817 0.735405
vt 0.918812 0.736135
vt 0.918812 0.739681
vt 0.923817 0.741454
vt 0.918812 0.752614
vt 0.923817 0.752301
vt 0.923817 0.766173
vt 0.918812 0.766486
vt 0.923817 0.774934
vt 0.918812 0.775038
vt 0.923817 0.783382
vt 0.918812 0.783278
vt 0.923817 0.795898
vt 0.918812 0.795481
vt 0.923817 0.812481
vt 0.918812 0.811960
vt 0.923817 0.824893
vt 0.918812 0.824267
vt 0.923817 0.837096
vt 0.918812 0.836366
vt 0.499694 0.590848
vt 0.505188 0.597836
vt 0.754241 0.818635
vt 0.754241 0.807997
vt 0.787326 0.813107
vt 0.787326 0.802052
vt 0.754241 0.800904
vt 0.787326 0.794855
vt 0.754241 0.789327
vt 0.787326 0.784738
vt 0.754241 0.777020
vt 0.787326 0.774204
vt 0.754241 0.767946
vt 0.787326 0.766486
vt 0.754241 0.757621
vt 0.787326 0.757412
vt 0.754241 0.741454
vt 0.787326 0.741767
vt 0.754241 0.725497
vt 0.787326 0.725810
vt 0.754241 0.709644
vt 0.787326 0.710687
vt 0.754241 0.694103
vt 0.787326 0.695876
vt 0.754241 0.679397
vt 0.787326 0.681170
vt 0.754241 0.665004
vt 0.787326 0.666256
vt 0.754241 0.650611
vt 0.787326 0.651445
vt 0.754241 0.635592
vt 0.787326 0.636322
vt 0.754241 0.601174
vt 0.787326 0.601278
vt 0.754241 0.574161
vt 0.787326 0.573743
vt 0.754241 0.556326
vt 0.787326 0.555178
vt 0.754241 0.528374
vt 0.787326 0.525766
vt 0.754241 0.513042
vt 0.787326 0.509704
vt 0.754241 0.497710
vt 0.787326 0.493747
vt 0.754241 0.476642
vt 0.787326 0.472783
vt 0.754241 0.460163
vt 0.787326 0.457451
vt 0.754241 0.443579
vt 0.787326 0.441911
vt 0.754241 0.421781
vt 0.787326 0.420634
vt 0.754241 0.405302
vt 0.787326 0.404468
vt 0.754241 0.388823
vt 0.787326 0.388197
vt 0.754241 0.372135
vt 0.787326 0.371822
vt 0.754241 0.355760
vt 0.787326 0.355552
vt 0.754241 0.334275
vt 0.787326 0.334171
vt 0.754241 0.313207
vt 0.787326 0.313207
vt 0.754241 0.297562
vt 0.787326 0.297562
vt 0.754241 0.282230
vt 0.787326 0.282335
vt 0.754241 0.262101
vt 0.787326 0.262101
vt 0.754241 0.242180
vt 0.787326 0.241971
vt 0.754241 0.227161
vt 0.787326 0.226744
vt 0.754241 0.211829
vt 0.787326 0.211516
vt 0.754241 0.191074
vt 0.787326 0.190865
vt 0.754241 0.169901
vt 0.787326 0.169901
vt 0.754241 0.153840
vt 0.787326 0.153735
vt 0.754241 0.143201
vt 0.787326 0.142575
vt 0.754241 0.128078
vt 0.787326 0.126096
vt 0.754241 0.113163
vt 0.787326 0.110034
vt 0.754241 0.090531
vt 0.787326 0.087089
vt 0.754241 0.067794
vt 0.787326 0.064039
vt 0.754241 0.039633
vt 0.787326 0.035774
vt 0.754241 0.015958
vt 0.787326 0.013246
vt 0.001709 0.000000
vt 0.000000 0.000000
vt 0.000000 0.017626
vt 0.389451 0.777437
vt 0.388841 0.746356
vt 0.396776 0.776811
vt 0.396166 0.745731
vt 0.386277 0.699631
vt 0.393846 0.699109
vt 0.383347 0.665630
vt 0.390672 0.665734
vt 0.382859 0.620573
vt 0.388841 0.620782
vt 0.382859 0.602217
vt 0.388108 0.602321
vt 0.382370 0.589701
vt 0.387254 0.590222
vt 0.385300 0.581670
vt 0.390916 0.584382
vt 0.390550 0.577602
vt 0.396654 0.580627
vt 0.398485 0.586155
vt 0.393358 0.586885
vt 0.396776 0.599088
vt 0.390916 0.598671
vt 0.396410 0.639660
vt 0.391160 0.638617
vt 0.397875 0.663544
vt 0.391893 0.662814
vt 0.339763 0.540889
vt 0.334391 0.541307
vt 0.339763 0.529625
vt 0.334391 0.529938
vt 0.334391 0.511269
vt 0.460749 0.549859
vt 0.460749 0.528269
vt 0.491392 0.557160
vt 0.491392 0.536822
vt 0.460749 0.518465
vt 0.491392 0.524202
vt 0.460749 0.508348
vt 0.491392 0.513459
vt 0.460749 0.502299
vt 0.491392 0.506993
vt 0.460749 0.491452
vt 0.491392 0.495937
vt 0.491392 0.486863
vt 0.460749 0.482274
vt 0.460749 0.472887
vt 0.491392 0.477372
vt 0.491392 0.466734
vt 0.460749 0.462666
vt 0.460749 0.451923
vt 0.491392 0.455469
vt 0.460749 0.437530
vt 0.491392 0.440659
vt 0.460749 0.425327
vt 0.491392 0.428248
vt 0.460749 0.409161
vt 0.491392 0.411351
vt 0.460749 0.391639
vt 0.491392 0.393934
vt 0.460749 0.377559
vt 0.491392 0.380479
vt 0.460749 0.362853
vt 0.491392 0.365669
vt 0.491392 0.356073
vt 0.460749 0.352840
vt 0.460749 0.343871
vt 0.491392 0.347521
vt 0.491392 0.338134
vt 0.460749 0.335631
vt 0.460749 0.327287
vt 0.491392 0.328852
vt 0.460749 0.312060
vt 0.491392 0.313311
vt 0.312171 0.669280
vt 0.312171 0.657495
vt 0.279697 0.664691
vt 0.279697 0.652593
vt 0.312171 0.645813
vt 0.279697 0.640703
vt 0.312171 0.629960
vt 0.279697 0.624849
vt 0.312049 0.617340
vt 0.279697 0.612855
vt 0.312049 0.608475
vt 0.279697 0.604616
vt 0.312171 0.599296
vt 0.279697 0.595854
vt 0.279697 0.581879
vt 0.312171 0.585112
vt 0.279697 0.568215
vt 0.312171 0.568633
vt 0.312171 0.562479
vt 0.279697 0.562688
vt 0.312171 0.556326
vt 0.279697 0.556638
vt 0.279697 0.551736
vt 0.312171 0.551319
vt 0.312171 0.547252
vt 0.279697 0.547669
vt 0.312171 0.543705
vt 0.279697 0.544123
vt 0.312171 0.540368
vt 0.279697 0.540472
vt 0.312171 0.535779
vt 0.279697 0.535570
vt 0.312171 0.526705
vt 0.279697 0.526183
vt 0.312171 0.513981
vt 0.279697 0.513042
vt 0.312171 0.482274
vt 0.279697 0.480292
vt 0.279697 0.449107
vt 0.312049 0.450776
vt 0.279697 0.415106
vt 0.312049 0.414793
vt 0.279697 0.359411
vt 0.312049 0.358368
vt 0.312049 0.336987
vt 0.279697 0.337300
vt 0.279697 0.328434
vt 0.312049 0.328122
vt 0.312049 0.321342
vt 0.279697 0.322072
vt 0.478085 0.003755
vt 0.484067 0.001147
vt 0.482358 0.008240
vt 0.487852 0.012620
vt 0.447197 0.265647
vt 0.438407 0.264604
vt 0.449517 0.255530
vt 0.441826 0.254904
vt 0.442314 0.248438
vt 0.449883 0.248751
vt 0.440116 0.246769
vt 0.445976 0.238425
vt 0.438163 0.237382
vt 0.437308 0.247291
vt 0.432425 0.241450
vt 0.435355 0.252818
vt 0.429251 0.251462
vt 0.428763 0.268254
vt 0.436698 0.268359
vt 0.437919 0.284108
vt 0.554876 0.612959
vt 0.559638 0.610665
vt 0.546086 0.612646
vt 0.540959 0.610039
vt 0.562079 0.606284
vt 0.538273 0.605763
vt 0.563911 0.601069
vt 0.536564 0.600339
vt 0.535343 0.589805
vt 0.564887 0.590118
vt 0.565009 0.581044
vt 0.535465 0.581044
vt 0.536319 0.571866
vt 0.564399 0.571762
vt 0.563056 0.559872
vt 0.537907 0.559872
vt 0.538761 0.545896
vt 0.562446 0.546000
vt 0.563422 0.531607
vt 0.537907 0.531607
vt 0.536564 0.518778
vt 0.564765 0.518570
vt 0.565376 0.509496
vt 0.535831 0.509079
vt 0.535099 0.499692
vt 0.565498 0.502299
vt 0.564399 0.491244
vt 0.535831 0.489366
vt 0.537296 0.484777
vt 0.562690 0.486029
vt 0.559882 0.481231
vt 0.540470 0.480084
vt 0.555731 0.478311
vt 0.545232 0.477789
vt 0.550725 0.477268
vt 0.861554 0.013246
vt 0.861554 0.036713
vt 0.828591 0.014080
vt 0.828591 0.036400
vt 0.861554 0.064352
vt 0.828591 0.064769
vt 0.861554 0.086776
vt 0.828591 0.088236
vt 0.861554 0.109826
vt 0.828591 0.111390
vt 0.861554 0.124845
vt 0.828591 0.127348
vt 0.861554 0.140072
vt 0.828591 0.142993
vt 0.861554 0.150606
vt 0.828591 0.153005
vt 0.861554 0.166355
vt 0.828591 0.167607
vt 0.861554 0.187111
vt 0.828591 0.187215
vt 0.861554 0.207657
vt 0.828591 0.207240
vt 0.861554 0.222781
vt 0.828591 0.222363
vt 0.861554 0.237799
vt 0.828591 0.237487
vt 0.861554 0.257720
vt 0.828591 0.257720
vt 0.861554 0.277746
vt 0.828591 0.277746
vt 0.861554 0.292660
vt 0.828591 0.292764
vt 0.861554 0.307679
vt 0.828591 0.307679
vt 0.861554 0.327391
vt 0.828591 0.327391
vt 0.861554 0.346999
vt 0.828591 0.347208
vt 0.861554 0.361393
vt 0.828591 0.362227
vt 0.861554 0.375681
vt 0.828591 0.377559
vt 0.861554 0.390179
vt 0.828591 0.392995
vt 0.861554 0.404989
vt 0.828591 0.408640
vt 0.861554 0.425640
vt 0.828591 0.429291
vt 0.861554 0.441806
vt 0.828591 0.444414
vt 0.861554 0.458285
vt 0.828591 0.459433
vt 0.861554 0.479667
vt 0.828591 0.479667
vt 0.861554 0.495311
vt 0.828591 0.495103
vt 0.861554 0.510852
vt 0.828591 0.510434
vt 0.861554 0.538908
vt 0.828591 0.538699
vt 0.861554 0.556638
vt 0.828591 0.556534
vt 0.861554 0.583130
vt 0.828591 0.583234
vt 0.861554 0.616923
vt 0.828591 0.617340
vt 0.861554 0.632046
vt 0.828591 0.632359
vt 0.861554 0.647169
vt 0.828591 0.647378
vt 0.861554 0.662397
vt 0.828591 0.662397
vt 0.861554 0.677833
vt 0.828591 0.677415
vt 0.861554 0.693373
vt 0.828591 0.692226
vt 0.861554 0.708914
vt 0.828591 0.707036
vt 0.861554 0.723932
vt 0.828591 0.721951
vt 0.861554 0.738430
vt 0.828591 0.736031
vt 0.861554 0.747399
vt 0.828591 0.743749
vt 0.861554 0.755118
vt 0.828591 0.750111
vt 0.861554 0.765339
vt 0.828591 0.758038
vt 0.861554 0.774934
vt 0.828591 0.765547
vt 0.861554 0.780775
vt 0.828591 0.771075
vt 0.861554 0.789849
vt 0.828591 0.779940
vt 0.339763 0.552362
vt 0.334391 0.553092
vt 0.427542 0.086359
vt 0.433158 0.110764
vt 0.359907 0.133397
vt 0.436576 0.135274
vt 0.437919 0.159993
vt 0.436942 0.185442
vt 0.433890 0.210995
vt 0.428640 0.235922
vt 0.421682 0.259181
vt 0.413258 0.279206
vt 0.403003 0.295685
vt 0.390794 0.308722
vt 0.376754 0.318213
vt 0.361250 0.324158
vt 0.345012 0.326244
vt 0.329019 0.323845
vt 0.313881 0.317483
vt 0.300451 0.307679
vt 0.289708 0.295163
vt 0.282261 0.279832
vt 0.278720 0.261266
vt 0.279330 0.239155
vt 0.282138 0.214332
vt 0.285191 0.188362
vt 0.286167 0.162496
vt 0.285313 0.137048
vt 0.282505 0.111807
vt 0.279453 0.086567
vt 0.278720 0.063100
vt 0.282016 0.043701
vt 0.289341 0.028160
vt 0.300451 0.016062
vt 0.314125 0.007197
vt 0.329385 0.001773
vt 0.345378 0.000000
vt 0.361250 0.002086
vt 0.376388 0.007822
vt 0.390062 0.016896
vt 0.401904 0.029203
vt 0.411793 0.044848
vt 0.420339 0.063830
vt 0.594188 0.139134
vt 0.592967 0.162496
vt 0.527529 0.159159
vt 0.593699 0.186485
vt 0.595653 0.210786
vt 0.597362 0.234253
vt 0.597728 0.256156
vt 0.593944 0.274721
vt 0.586130 0.290157
vt 0.574776 0.302256
vt 0.560858 0.311121
vt 0.545110 0.316232
vt 0.528628 0.317379
vt 0.512391 0.314876
vt 0.496886 0.309139
vt 0.483212 0.299648
vt 0.471492 0.286402
vt 0.462092 0.270132
vt 0.454767 0.251254
vt 0.449151 0.229456
vt 0.445000 0.205467
vt 0.442802 0.180644
vt 0.442192 0.156134
vt 0.443291 0.132667
vt 0.446831 0.109200
vt 0.452813 0.084690
vt 0.460505 0.061849
vt 0.469295 0.042554
vt 0.479916 0.027117
vt 0.492857 0.014915
vt 0.507629 0.006154
vt 0.523256 0.001043
vt 0.539249 0.000000
vt 0.555365 0.002816
vt 0.570503 0.009283
vt 0.583810 0.019295
vt 0.594310 0.032750
vt 0.601024 0.049333
vt 0.603588 0.069254
vt 0.601635 0.092199
vt 0.597850 0.116188
vt 0.513978 0.603051
vt 0.511414 0.607014
vt 0.501647 0.603260
vt 0.504211 0.607119
vt 0.504211 0.646439
vt 0.511414 0.646335
vt 0.513978 0.650298
vt 0.501647 0.650402
vt 0.482968 0.596897
vt 0.485532 0.600861
vt 0.483090 0.644040
vt 0.485654 0.640181
vt 0.492857 0.640285
vt 0.495421 0.644144
vt 0.492857 0.600965
vt 0.495421 0.597002
vt 0.550237 0.613585
vt 0.554876 0.612959
vt 0.550237 0.613585
vt 0.339763 0.509704
vt 0.428640 0.283899
vt 0.505798 0.322281
vt 0.471859 0.558099
vt 0.512879 0.599714
vt 0.510315 0.506888
vt 0.562690 0.486029
vt 0.371505 0.730190
vt 0.348553 0.734571
vt 0.460749 0.555908
vt 0.460749 0.555908
vt 0.460260 0.003859
vt 0.913196 0.035566
vt 0.989621 0.627352
vt 0.989621 0.637365
vt 0.453424 0.851906
# num_vertices: 3171


g Object_TexMap

usemtl TexMap

f 1/1 2/2 3/3
f 2/2 4/4 3/3
f 3/3 4/4 5/5
f 4/4 6/6 5/5
f 5/5 6/6 7/7
f 6/6 8/8 7/7
f 7/7 8/8 9/9
f 8/8 10/10 9/9
f 9/9 10/10 11/11
f 10/10 12/12 11/11
f 11/11 12/12 13/13
f 12/12 14/14 13/13
f 2/2 15/15 4/4
f 15/15 16/16 4/4
f 4/4 16/16 6/6
f 16/16 17/17 6/6
f 6/6 17/17 8/8
f 17/17 12/12 8/8
f 8/8 12/12 10/10
f 15/15 18/18 16/16
f 18/18 19/19 16/16
f 16/16 19/19 17/17
f 19/19 20/20 17/17
f 17/17 20/20 12/12
f 20/20 21/21 12/12
f 12/12 21/21 14/14
f 21/21 22/22 14/14
f 14/14 22/22 23/23
f 22/22 24/24 23/23
f 21/21 20/20 25/25
f 20/20 19/19 25/25
f 25/25 19/19 26/26
f 19/19 18/18 26/26
f 26/26 18/18 27/27
f 18/18 28/28 27/27
f 27/27 28/28 29/29
f 29/29 30/30 27/27
f 30/30 31/31 27/27
f 27/27 31/31 26/26
f 31/31 32/32 26/26
f 26/26 32/32 25/25
f 32/32 33/33 25/25
f 25/25 33/33 22/22
f 33/33 34/34 22/22
f 22/22 34/34 24/24
f 34/34 35/35 24/24
f 24/24 35/35 36/36
f 35/35 37/37 36/36
f 34/34 33/33 38/38
f 33/33 32/32 38/38
f 38/38 32/32 39/39
f 32/32 31/31 39/39
f 39/39 31/31 40/40
f 31/31 30/30 40/40
f 40/40 30/30 41/41
f 41/41 42/42 40/40
f 42/42 43/43 40/40
f 40/40 43/43 39/39
f 43/43 44/44 39/39
f 39/39 44/44 38/38
f 44/44 45/45 38/38
f 38/38 45/45 35/35
f 45/45 46/46 35/35
f 35/35 46/46 37/37
f 46/46 47/47 37/37
f 37/37 47/47 48/48
f 47/47 49/49 48/48
f 42/42 50/50 43/43
f 50/50 51/51 43/43
f 43/43 51/51 44/44
f 51/51 52/52 44/44
f 44/44 52/52 45/45
f 52/52 53/53 45/45
f 45/45 53/53 46/46
f 53/53 47/47 46/46
f 50/50 54/54 51/51
f 54/54 55/55 51/51
f 51/51 55/55 52/52
f 55/55 56/56 52/52
f 52/52 56/56 57/57
f 56/56 58/58 57/57
f 57/57 58/58 59/59
f 58/58 60/60 59/59
f 59/59 60/60 61/61
f 60/60 62/62 61/61
f 61/61 62/62 63/63
f 62/62 64/64 63/63
f 63/63 64/64 65/65
f 64/64 66/66 65/65
f 63/63 67/67 61/61
f 67/67 49/49 61/61
f 61/61 49/49 68/68
f 49/49 47/47 68/68
f 68/68 47/47 57/57
f 47/47 53/53 57/57
f 57/57 53/53 52/52
f 68/68 57/57 61/61
f 57/57 59/59 61/61
f 56/56 55/55 58/58
f 55/55 69/69 58/58
f 58/58 69/69 70/70
f 69/69 71/71 70/70
f 70/70 71/71 72/72
f 55/55 54/54 69/69
f 54/54 73/73 69/69
f 69/69 73/73 71/71
f 74/74 75/75 76/76
f 75/75 77/77 76/76
f 76/76 77/77 78/78
f 77/77 79/79 78/78
f 78/78 79/79 80/80
f 79/79 81/81 80/80
f 80/80 81/81 82/82
f 81/81 83/83 82/82
f 82/82 83/83 84/84
f 83/83 85/85 84/84
f 84/84 85/85 86/86
f 85/85 87/87 86/86
f 86/86 87/87 88/88
f 87/87 89/89 88/88
f 88/88 89/89 90/90
f 89/89 91/91 90/90
f 81/81 92/92 83/83
f 92/92 93/93 83/83
f 83/83 93/93 85/85
f 93/93 94/94 85/85
f 85/85 94/94 87/87
f 94/94 95/95 87/87
f 87/87 95/95 89/89
f 95/95 96/96 89/89
f 89/89 96/96 91/91
f 96/96 97/97 91/91
f 91/91 97/97 98/98
f 97/97 99/99 98/98
f 98/98 99/99 100/100
f 99/99 101/101 100/100
f 100/100 101/101 102/102
f 101/101 103/103 102/102
f 95/95 94/94 104/104
f 94/94 93/93 104/104
f 104/104 93/93 105/105
f 93/93 92/92 105/105
f 105/105 92/92 106/106
f 92/92 81/81 106/106
f 106/106 81/81 107/107
f 81/81 79/79 107/107
f 107/107 79/79 77/77
f 105/105 108/108 104/104
f 108/108 109/109 104/104
f 104/104 109/109 110/110
f 109/109 111/111 110/110
f 110/110 111/111 95/95
f 111/111 112/112 95/95
f 95/95 112/112 96/96
f 112/112 113/113 96/96
f 96/96 113/113 97/97
f 113/113 114/114 97/97
f 97/97 114/114 99/99
f 114/114 115/115 99/99
f 99/99 115/115 101/101
f 115/115 116/116 101/101
f 101/101 116/116 103/103
f 116/116 117/117 103/103
f 103/103 117/117 118/118
f 117/117 119/119 118/118
f 118/118 119/119 120/120
f 119/119 121/121 120/120
f 120/120 121/121 122/122
f 121/121 123/123 122/122
f 109/109 124/124 111/111
f 124/124 125/125 111/111
f 111/111 125/125 126/126
f 125/125 127/127 126/126
f 126/126 127/127 128/128
f 127/127 129/129 128/128
f 128/128 129/129 130/130
f 129/129 131/131 130/130
f 130/130 131/131 115/115
f 131/131 132/132 115/115
f 115/115 132/132 116/116
f 132/132 133/133 116/116
f 116/116 133/133 117/117
f 133/133 134/134 117/117
f 117/117 134/134 119/119
f 134/134 135/135 119/119
f 119/119 135/135 121/121
f 135/135 136/136 121/121
f 121/121 136/136 123/123
f 136/136 137/137 123/123
f 123/123 137/137 138/138
f 137/137 139/139 138/138
f 133/133 140/140 134/134
f 140/140 141/141 134/134
f 134/134 141/141 135/135
f 141/141 142/142 135/135
f 135/135 142/142 136/136
f 142/142 143/143 136/136
f 136/136 143/143 137/137
f 143/143 144/144 137/137
f 137/137 144/144 139/139
f 144/144 145/145 139/139
f 139/139 145/145 146/146
f 145/145 147/147 146/146
f 141/141 148/148 142/142
f 148/148 149/149 142/142
f 142/142 149/149 143/143
f 149/149 150/150 143/143
f 143/143 150/150 144/144
f 150/150 151/151 144/144
f 144/144 151/151 145/145
f 151/151 152/152 145/145
f 145/145 152/152 147/147
f 152/152 153/153 147/147
f 147/147 153/153 154/154
f 153/153 155/155 154/154
f 149/149 156/156 150/150
f 156/156 157/157 150/150
f 150/150 157/157 151/151
f 157/157 158/158 151/151
f 151/151 158/158 152/152
f 158/158 159/159 152/152
f 152/152 159/159 153/153
f 159/159 160/160 153/153
f 153/153 160/160 155/155
f 160/160 161/161 155/155
f 155/155 161/161 162/162
f 161/161 163/163 162/162
f 157/157 164/164 158/158
f 164/164 165/165 158/158
f 158/158 165/165 159/159
f 165/165 166/166 159/159
f 159/159 166/166 160/160
f 166/166 167/167 160/160
f 160/160 167/167 161/161
f 167/167 168/168 161/161
f 161/161 168/168 163/163
f 168/168 169/169 163/163
f 163/163 169/169 170/170
f 169/169 171/171 170/170
f 165/165 172/172 166/166
f 172/172 173/173 166/166
f 166/166 173/173 167/167
f 173/173 174/174 167/167
f 167/167 174/174 168/168
f 174/174 175/175 168/168
f 168/168 175/175 169/169
f 175/175 176/176 169/169
f 169/169 176/176 171/171
f 176/176 177/177 171/171
f 171/171 177/177 178/178
f 177/177 179/179 178/178
f 177/177 176/176 180/180
f 176/176 181/181 180/180
f 180/180 181/181 182/182
f 181/181 183/183 182/182
f 182/182 183/183 184/184
f 183/183 185/185 184/184
f 184/184 185/185 186/186
f 185/185 173/173 186/186
f 186/186 173/173 187/187
f 173/173 172/172 187/187
f 187/187 172/172 188/188
f 172/172 165/165 188/188
f 188/188 165/165 189/189
f 165/165 164/164 189/189
f 189/189 164/164 190/190
f 164/164 157/157 190/190
f 190/190 157/157 191/191
f 157/157 156/156 191/191
f 191/191 156/156 192/192
f 156/156 149/149 192/192
f 192/192 149/149 193/193
f 149/149 148/148 193/193
f 193/193 148/148 194/194
f 148/148 141/141 194/194
f 194/194 141/141 195/195
f 141/141 140/140 195/195
f 195/195 140/140 196/196
f 140/140 197/197 196/196
f 196/196 197/197 198/198
f 197/197 131/131 198/198
f 198/198 131/131 199/199
f 131/131 129/129 199/199
f 199/199 129/129 200/200
f 129/129 201/201 200/200
f 173/173 185/185 174/174
f 185/185 183/183 174/174
f 174/174 183/183 175/175
f 183/183 181/181 175/175
f 175/175 181/181 176/176
f 88/88 202/202 86/86
f 202/202 203/203 86/86
f 86/86 203/203 84/84
f 203/203 204/204 84/84
f 84/84 204/204 82/82
f 204/204 205/205 82/82
f 82/82 205/205 80/80
f 205/205 206/206 80/80
f 80/80 206/206 78/78
f 203/203 207/207 204/204
f 207/207 208/208 204/204
f 204/204 208/208 205/205
f 208/208 209/209 205/205
f 205/205 209/209 206/206
f 130/130 115/115 128/128
f 115/115 114/114 128/128
f 128/128 114/114 113/113
f 128/128 113/113 126/126
f 113/113 111/111 126/126
f 140/140 133/133 197/197
f 133/133 131/131 197/197
f 199/199 200/200 198/198
f 200/200 210/210 198/198
f 198/198 210/210 211/211
f 198/198 211/211 196/196
f 211/211 195/195 196/196
f 211/211 212/212 195/195
f 212/212 213/213 195/195
f 195/195 213/213 194/194
f 213/213 193/193 194/194
f 213/213 214/214 193/193
f 214/214 215/215 193/193
f 193/193 215/215 192/192
f 215/215 191/191 192/192
f 215/215 216/216 191/191
f 216/216 217/217 191/191
f 191/191 217/217 190/190
f 217/217 189/189 190/190
f 217/217 218/218 189/189
f 218/218 219/219 189/189
f 189/189 219/219 188/188
f 219/219 187/187 188/188
f 219/219 220/220 187/187
f 220/220 221/221 187/187
f 187/187 221/221 186/186
f 221/221 184/184 186/186
f 221/221 222/222 184/184
f 222/222 223/223 184/184
f 184/184 223/223 224/224
f 223/223 225/225 224/224
f 224/224 225/225 182/182
f 225/225 226/226 182/182
f 182/182 226/226 180/180
f 226/226 227/227 180/180
f 180/180 227/227 228/228
f 227/227 229/229 228/228
f 228/228 229/229 230/230
f 229/229 231/231 230/230
f 230/230 231/231 179/179
f 231/231 72/72 179/179
f 223/223 232/232 225/225
f 232/232 66/66 225/225
f 225/225 66/66 233/233
f 66/66 64/64 233/233
f 233/233 64/64 227/227
f 64/64 234/234 227/227
f 227/227 234/234 229/229
f 234/234 60/60 229/229
f 229/229 60/60 235/235
f 60/60 58/58 235/235
f 235/235 58/58 70/70
f 229/229 235/235 231/231
f 235/235 70/70 231/231
f 231/231 70/70 72/72
f 201/201 129/129 236/236
f 129/129 127/127 236/236
f 236/236 127/127 125/125
f 236/236 125/125 237/237
f 125/125 238/238 237/237
f 125/125 124/124 238/238
f 124/124 109/109 238/238
f 238/238 109/109 239/239
f 109/109 240/240 239/239
f 109/109 108/108 240/240
f 108/108 105/105 240/240
f 240/240 105/105 241/241
f 105/105 242/242 241/241
f 105/105 106/106 242/242
f 106/106 107/107 242/242
f 242/242 107/107 243/243
f 107/107 75/75 243/243
f 60/60 234/234 62/62
f 234/234 64/64 62/62
f 226/226 225/225 227/227
f 225/225 233/233 227/227
f 179/179 177/177 230/230
f 177/177 180/180 230/230
f 230/230 180/180 228/228
f 2/2 244/244 15/15
f 244/244 28/28 15/15
f 15/15 28/28 18/18
f 208/208 245/245 209/209
f 11/11 246/246 9/9
f 107/107 77/77 75/75
f 184/184 224/224 182/182
f 38/38 35/35 34/34
f 25/25 22/22 21/21
f 133/133 132/132 131/131
f 113/113 112/112 111/111
f 104/104 110/110 95/95
f 247/247 248/248 249/249
f 248/248 250/250 249/249
f 251/251 252/252 253/253
f 252/252 254/254 253/253
f 255/255 256/256 257/257
f 256/256 258/258 257/257
f 257/257 258/258 259/259
f 258/258 260/260 259/259
f 259/259 260/260 261/261
f 258/258 256/256 262/262
f 256/256 263/263 262/262
f 263/263 256/256 264/264
f 256/256 265/265 264/264
f 264/264 265/265 266/266
f 264/264 266/266 267/267
f 266/266 268/268 267/267
f 266/266 269/269 268/268
f 269/269 270/270 268/268
f 268/268 270/270 271/271
f 270/270 272/272 271/271
f 270/270 273/273 272/272
f 273/273 274/274 272/272
f 272/272 274/274 275/275
f 274/274 276/276 275/275
f 274/274 277/277 276/276
f 277/277 278/278 276/276
f 276/276 278/278 279/279
f 278/278 280/280 279/279
f 278/278 281/281 280/280
f 281/281 282/282 280/280
f 280/280 282/282 283/283
f 282/282 284/284 283/283
f 282/282 285/285 284/284
f 285/285 286/286 284/284
f 285/285 287/287 286/286
f 287/287 288/288 286/286
f 287/287 289/289 288/288
f 289/289 290/290 288/288
f 291/291 292/292 293/293
f 292/292 294/294 293/293
f 293/293 294/294 295/295
f 293/293 295/295 296/296
f 295/295 297/297 296/296
f 296/296 297/297 298/298
f 297/297 299/299 298/298
f 298/298 299/299 300/300
f 299/299 301/301 300/300
f 299/299 302/302 301/301
f 302/302 303/303 301/301
f 301/301 303/303 304/304
f 303/303 305/305 304/304
f 301/301 304/304 306/306
f 304/304 307/307 306/306
f 306/306 307/307 308/308
f 307/307 309/309 308/308
f 308/308 309/309 310/310
f 309/309 311/311 310/310
f 310/310 311/311 312/312
f 311/311 313/313 312/312
f 312/312 313/313 314/314
f 313/313 315/315 314/314
f 314/314 315/315 316/316
f 315/315 317/317 316/316
f 316/316 317/317 318/318
f 319/319 320/320 321/321
f 320/320 322/322 321/321
f 320/320 323/323 322/322
f 323/323 324/324 322/322
f 323/323 325/325 324/324
f 325/325 326/326 324/324
f 325/325 327/327 326/326
f 327/327 328/328 326/326
f 327/327 329/329 328/328
f 329/329 330/330 328/328
f 329/329 331/331 330/330
f 331/331 332/332 330/330
f 331/331 333/333 332/332
f 333/333 334/334 332/332
f 333/333 335/335 334/334
f 335/335 336/336 334/334
f 335/335 337/337 336/336
f 337/337 338/338 336/336
f 337/337 339/339 338/338
f 339/339 340/340 338/338
f 339/339 341/341 340/340
f 341/341 342/342 340/340
f 341/341 343/343 342/342
f 343/343 344/344 342/342
f 343/343 345/345 344/344
f 345/345 346/346 344/344
f 345/345 347/347 346/346
f 347/347 348/348 346/346
f 347/347 349/349 348/348
f 349/349 350/350 348/348
f 349/349 351/351 350/350
f 351/351 352/352 350/350
f 351/351 353/353 352/352
f 353/353 354/354 352/352
f 353/353 355/355 354/354
f 355/355 356/356 354/354
f 355/355 357/357 356/356
f 357/357 358/358 356/356
f 357/357 359/359 358/358
f 359/359 360/360 358/358
f 359/359 361/361 360/360
f 361/361 362/362 360/360
f 361/361 363/363 362/362
f 363/363 364/364 362/362
f 363/363 365/365 364/364
f 365/365 366/366 364/364
f 365/365 367/367 366/366
f 367/367 368/368 366/366
f 367/367 369/369 368/368
f 369/369 370/370 368/368
f 369/369 371/371 370/370
f 371/371 372/372 370/370
f 371/371 373/373 372/372
f 373/373 374/374 372/372
f 373/373 375/375 374/374
f 375/375 376/376 374/374
f 375/375 377/377 376/376
f 377/377 378/378 376/376
f 377/377 379/379 378/378
f 379/379 380/380 378/378
f 379/379 381/381 380/380
f 381/381 382/382 380/380
f 381/381 383/383 382/382
f 383/383 384/384 382/382
f 383/383 385/385 384/384
f 385/385 386/386 384/384
f 385/385 387/387 386/386
f 387/387 388/388 386/386
f 387/387 389/389 388/388
f 389/389 390/390 388/388
f 389/389 391/391 390/390
f 391/391 392/392 390/390
f 391/391 393/393 392/392
f 393/393 394/394 392/392
f 393/393 395/395 394/394
f 395/395 396/396 394/394
f 395/395 397/397 396/396
f 397/397 398/398 396/396
f 397/397 399/399 398/398
f 399/399 400/400 398/398
f 399/399 401/401 400/400
f 401/401 402/402 400/400
f 401/401 403/403 402/402
f 403/403 404/404 402/402
f 403/403 405/405 404/404
f 405/405 406/406 404/404
f 405/405 407/407 406/406
f 407/407 408/408 406/406
f 407/407 409/409 408/408
f 409/409 410/410 408/408
f 409/409 411/411 410/410
f 411/411 412/412 410/410
f 413/413 414/414 415/415
f 414/414 416/416 415/415
f 415/415 416/416 417/417
f 416/416 418/418 417/417
f 417/417 418/418 419/419
f 418/418 420/420 419/419
f 418/418 421/421 420/420
f 421/421 422/422 420/420
f 420/420 422/422 423/423
f 422/422 424/424 423/423
f 422/422 425/425 424/424
f 425/425 426/426 424/424
f 424/424 426/426 427/427
f 426/426 428/428 427/427
f 426/426 429/429 428/428
f 429/429 430/430 428/428
f 428/428 430/430 431/431
f 430/430 432/432 431/431
f 430/430 433/433 432/432
f 433/433 434/434 432/432
f 432/432 434/434 435/435
f 434/434 436/436 435/435
f 434/434 437/437 436/436
f 437/437 438/438 436/436
f 436/436 438/438 439/439
f 438/438 440/440 439/439
f 438/438 441/441 440/440
f 441/441 442/442 440/440
f 440/440 442/442 443/443
f 442/442 444/444 443/443
f 443/443 444/444 445/445
f 444/444 446/446 445/445
f 445/445 446/446 447/447
f 446/446 448/448 447/447
f 449/449 450/450 451/451
f 450/450 452/452 451/451
f 450/450 453/453 452/452
f 453/453 454/454 452/452
f 454/454 453/453 455/455
f 453/453 456/456 455/455
f 455/455 456/456 457/457
f 455/455 457/457 458/458
f 457/457 459/459 458/458
f 458/458 459/459 460/460
f 459/459 461/461 460/460
f 460/460 461/461 462/462
f 461/461 463/463 462/462
f 462/462 463/463 464/464
f 463/463 465/465 464/464
f 463/463 466/466 465/465
f 466/466 467/467 465/465
f 465/465 467/467 468/468
f 467/467 469/469 468/468
f 468/468 469/469 470/470
f 469/469 471/471 470/470
f 470/470 471/471 472/472
f 471/471 473/473 472/472
f 472/472 473/473 474/474
f 473/473 475/475 474/474
f 474/474 475/475 476/476
f 475/475 477/477 476/476
f 476/476 477/477 478/478
f 477/477 479/479 478/478
f 478/478 479/479 480/480
f 479/479 481/481 480/480
f 480/480 481/481 482/482
f 481/481 483/483 482/482
f 482/482 483/483 484/484
f 483/483 485/485 484/484
f 484/484 485/485 486/486
f 485/485 487/487 486/486
f 486/486 487/487 488/488
f 487/487 489/489 488/488
f 473/473 471/471 475/475
f 471/471 490/490 475/475
f 475/475 490/490 477/477
f 491/491 492/492 493/493
f 492/492 494/494 493/493
f 495/495 496/496 497/497
f 496/496 498/498 497/497
f 497/497 498/498 499/499
f 498/498 500/500 499/499
f 498/498 501/501 500/500
f 501/501 502/502 500/500
f 501/501 503/503 502/502
f 503/503 504/504 502/502
f 503/503 474/474 504/504
f 474/474 476/476 504/504
f 505/505 506/506 507/507
f 506/506 508/508 507/507
f 507/507 508/508 509/509
f 507/507 509/509 510/510
f 509/509 511/511 510/510
f 509/509 512/512 511/511
f 512/512 513/513 511/511
f 511/511 513/513 514/514
f 513/513 515/515 514/514
f 514/514 515/515 516/516
f 515/515 517/517 516/516
f 516/516 517/517 518/518
f 517/517 519/519 518/518
f 517/517 520/520 519/519
f 520/520 521/521 519/519
f 519/519 521/521 522/522
f 521/521 523/523 522/522
f 521/521 524/524 523/523
f 524/524 525/525 523/523
f 524/524 526/526 525/525
f 526/526 527/527 525/525
f 525/525 527/527 528/528
f 527/527 529/529 528/528
f 528/528 529/529 530/530
f 529/529 531/531 530/530
f 530/530 531/531 532/532
f 531/531 533/533 532/532
f 532/532 533/533 534/534
f 533/533 535/535 534/534
f 534/534 535/535 536/536
f 535/535 537/537 536/536
f 536/536 537/537 538/538
f 537/537 539/539 538/538
f 537/537 540/540 539/539
f 540/540 541/541 539/539
f 539/539 541/541 542/542
f 541/541 543/543 542/542
f 542/542 543/543 544/544
f 543/543 545/545 544/544
f 544/544 545/545 546/546
f 545/545 547/547 546/546
f 546/546 547/547 548/548
f 547/547 549/549 548/548
f 547/547 550/550 549/549
f 550/550 551/551 549/549
f 549/549 551/551 552/552
f 551/551 553/553 552/552
f 552/552 553/553 554/554
f 553/553 555/555 554/554
f 554/554 555/555 556/556
f 555/555 557/557 556/556
f 556/556 557/557 558/558
f 557/557 559/559 558/558
f 558/558 559/559 560/560
f 559/559 561/561 560/560
f 560/560 561/561 562/562
f 456/456 453/453 563/563
f 453/453 489/489 563/563
f 563/563 489/489 487/487
f 564/564 565/565 566/566
f 565/565 567/567 566/566
f 565/565 568/568 567/567
f 568/568 569/569 567/567
f 570/570 571/571 572/572
f 571/571 573/573 572/572
f 573/573 571/571 574/574
f 571/571 575/575 574/574
f 574/574 575/575 576/576
f 574/574 576/576 577/577
f 576/576 578/578 577/577
f 577/577 578/578 579/579
f 578/578 580/580 579/579
f 579/579 580/580 581/581
f 580/580 582/582 581/581
f 580/580 583/583 582/582
f 583/583 584/584 582/582
f 582/582 584/584 585/585
f 584/584 586/586 585/585
f 585/585 586/586 587/587
f 585/585 587/587 588/588
f 587/587 589/589 588/588
f 589/589 587/587 590/590
f 587/587 591/591 590/590
f 590/590 591/591 592/592
f 591/591 593/593 592/592
f 592/592 593/593 594/594
f 593/593 595/595 594/594
f 594/594 595/595 596/596
f 594/594 596/596 597/597
f 596/596 598/598 597/597
f 597/597 598/598 599/599
f 598/598 600/600 599/599
f 599/599 600/600 601/601
f 600/600 602/602 601/601
f 600/600 603/603 602/602
f 603/603 604/604 602/602
f 602/602 604/604 605/605
f 604/604 606/606 605/605
f 605/605 606/606 607/607
f 608/608 609/609 610/610
f 609/609 611/611 610/610
f 609/609 612/612 611/611
f 612/612 613/613 611/611
f 612/612 614/614 613/613
f 614/614 615/615 613/613
f 614/614 616/616 615/615
f 616/616 617/617 615/615
f 616/616 618/618 617/617
f 618/618 619/619 617/617
f 618/618 620/620 619/619
f 620/620 621/621 619/619
f 620/620 622/622 621/621
f 622/622 623/623 621/621
f 622/622 624/624 623/623
f 624/624 625/625 623/623
f 624/624 626/626 625/625
f 626/626 627/627 625/625
f 626/626 628/628 627/627
f 628/628 629/629 627/627
f 628/628 630/630 629/629
f 630/630 631/631 629/629
f 630/630 632/632 631/631
f 632/632 633/633 631/631
f 632/632 634/634 633/633
f 634/634 635/635 633/633
f 634/634 636/636 635/635
f 636/636 637/637 635/635
f 636/636 638/638 637/637
f 638/638 639/639 637/637
f 638/638 640/640 639/639
f 640/640 641/641 639/639
f 640/640 642/642 641/641
f 642/642 643/643 641/641
f 642/642 644/644 643/643
f 644/644 645/645 643/643
f 644/644 646/646 645/645
f 646/646 647/647 645/645
f 646/646 648/648 647/647
f 648/648 649/649 647/647
f 648/648 650/650 649/649
f 650/650 651/651 649/649
f 650/650 652/652 651/651
f 652/652 653/653 651/651
f 652/652 654/654 653/653
f 654/654 655/655 653/653
f 654/654 656/656 655/655
f 656/656 657/657 655/655
f 656/656 658/658 657/657
f 658/658 659/659 657/657
f 658/658 660/660 659/659
f 660/660 661/661 659/659
f 660/660 662/662 661/661
f 662/662 663/663 661/661
f 662/662 664/664 663/663
f 664/664 665/665 663/663
f 664/664 666/666 665/665
f 666/666 667/667 665/665
f 666/666 668/668 667/667
f 668/668 669/669 667/667
f 668/668 670/670 669/669
f 670/670 671/671 669/669
f 670/670 672/672 671/671
f 672/672 673/673 671/671
f 672/672 674/674 673/673
f 674/674 675/675 673/673
f 674/674 676/676 675/675
f 676/676 677/677 675/675
f 676/676 678/678 677/677
f 678/678 679/679 677/677
f 678/678 680/680 679/679
f 680/680 681/681 679/679
f 680/680 682/682 681/681
f 682/682 683/683 681/681
f 682/682 684/684 683/683
f 684/684 685/685 683/683
f 684/684 686/686 685/685
f 686/686 687/687 685/685
f 686/686 688/688 687/687
f 688/688 689/689 687/687
f 688/688 690/690 689/689
f 690/690 691/691 689/689
f 690/690 692/692 691/691
f 692/692 693/693 691/691
f 692/692 694/694 693/693
f 694/694 695/695 693/693
f 694/694 696/696 695/695
f 696/696 697/697 695/695
f 696/696 698/698 697/697
f 698/698 699/699 697/697
f 698/698 700/700 699/699
f 700/700 701/701 699/699
f 700/700 702/702 701/701
f 702/702 703/703 701/701
f 702/702 704/704 703/703
f 704/704 705/705 703/703
f 704/704 706/706 705/705
f 706/706 707/707 705/705
f 706/706 708/708 707/707
f 708/708 709/709 707/707
f 708/708 710/710 709/709
f 710/710 711/711 709/709
f 710/710 712/712 711/711
f 712/712 713/713 711/711
f 712/712 714/714 713/713
f 714/714 715/715 713/713
f 714/714 716/716 715/715
f 716/716 717/717 715/715
f 716/716 718/718 717/717
f 718/718 719/719 717/717
f 718/718 720/720 719/719
f 720/720 721/721 719/719
f 720/720 722/722 721/721
f 722/722 723/723 721/721
f 722/722 724/724 723/723
f 724/724 725/725 723/723
f 724/724 726/726 725/725
f 726/726 727/727 725/725
f 726/726 728/728 727/727
f 728/728 729/729 727/727
f 730/730 731/731 732/732
f 731/731 733/733 732/732
f 732/732 733/733 734/734
f 732/732 734/734 735/735
f 734/734 736/736 735/735
f 735/735 736/736 737/737
f 736/736 738/738 737/737
f 737/737 738/738 739/739
f 738/738 740/740 739/739
f 739/739 740/740 741/741
f 740/740 742/742 741/741
f 741/741 742/742 743/743
f 742/742 744/744 743/743
f 743/743 744/744 745/745
f 744/744 746/746 745/745
f 745/745 746/746 747/747
f 748/748 749/749 750/750
f 749/749 751/751 750/750
f 750/750 751/751 752/752
f 751/751 753/753 752/752
f 752/752 753/753 754/754
f 753/753 755/755 754/754
f 754/754 755/755 756/756
f 755/755 757/757 756/756
f 756/756 757/757 758/758
f 757/757 759/759 758/758
f 758/758 759/759 760/760
f 759/759 761/761 760/760
f 760/760 761/761 762/762
f 761/761 763/763 762/762
f 762/762 763/763 764/764
f 763/763 765/765 764/764
f 764/764 765/765 766/766
f 765/765 767/767 766/766
f 758/758 768/768 756/756
f 768/768 769/769 756/756
f 756/756 769/769 754/754
f 769/769 768/768 754/754
f 754/754 768/768 770/770
f 768/768 764/764 770/770
f 770/770 764/764 766/766
f 758/758 760/760 768/768
f 760/760 764/764 768/768
f 771/771 772/772 773/773
f 772/772 774/774 773/773
f 772/772 775/775 774/774
f 775/775 776/776 774/774
f 775/775 777/777 776/776
f 777/777 778/778 776/776
f 777/777 779/779 778/778
f 779/779 780/780 778/778
f 779/779 781/781 780/780
f 781/781 782/782 780/780
f 781/781 783/783 782/782
f 783/783 784/784 782/782
f 783/783 785/785 784/784
f 785/785 786/786 784/784
f 785/785 787/787 786/786
f 787/787 788/788 786/786
f 787/787 789/789 788/788
f 789/789 790/790 788/788
f 789/789 791/791 790/790
f 791/791 792/792 790/790
f 791/791 793/793 792/792
f 793/793 794/794 792/792
f 793/793 795/795 794/794
f 795/795 796/796 794/794
f 795/795 797/797 796/796
f 797/797 798/798 796/796
f 797/797 799/799 798/798
f 799/799 800/800 798/798
f 799/799 801/801 800/800
f 801/801 802/802 800/800
f 801/801 803/803 802/802
f 803/803 804/804 802/802
f 803/803 805/805 804/804
f 805/805 806/806 804/804
f 805/805 807/807 806/806
f 807/807 808/808 806/806
f 807/807 809/809 808/808
f 809/809 810/810 808/808
f 809/809 811/811 810/810
f 811/811 812/812 810/810
f 811/811 813/813 812/812
f 813/813 814/814 812/812
f 813/813 815/815 814/814
f 815/815 816/816 814/814
f 815/815 817/817 816/816
f 817/817 818/818 816/816
f 817/817 819/819 818/818
f 819/819 820/820 818/818
f 819/819 821/821 820/820
f 821/821 822/822 820/820
f 821/821 823/823 822/822
f 823/823 824/824 822/822
f 823/823 825/825 824/824
f 825/825 826/826 824/824
f 825/825 827/827 826/826
f 827/827 828/828 826/826
f 827/827 829/829 828/828
f 829/829 830/830 828/828
f 829/829 831/831 830/830
f 831/831 832/832 830/830
f 831/831 833/833 832/832
f 833/833 834/834 832/832
f 833/833 835/835 834/834
f 835/835 836/836 834/834
f 835/835 837/837 836/836
f 837/837 838/838 836/836
f 837/837 839/839 838/838
f 839/839 840/840 838/838
f 839/839 841/841 840/840
f 841/841 842/842 840/840
f 841/841 843/843 842/842
f 843/843 844/844 842/842
f 843/843 845/845 844/844
f 845/845 846/846 844/844
f 845/845 847/847 846/846
f 847/847 848/848 846/846
f 847/847 849/849 848/848
f 849/849 850/850 848/848
f 849/849 851/851 850/850
f 851/851 852/852 850/850
f 851/851 853/853 852/852
f 853/853 854/854 852/852
f 853/853 855/855 854/854
f 855/855 856/856 854/854
f 855/855 857/857 856/856
f 857/857 858/858 856/856
f 857/857 859/859 858/858
f 859/859 860/860 858/858
f 859/859 861/861 860/860
f 861/861 862/862 860/860
f 861/861 863/863 862/862
f 863/863 864/864 862/862
f 863/863 865/865 864/864
f 865/865 866/866 864/864
f 865/865 867/867 866/866
f 867/867 868/868 866/866
f 867/867 869/869 868/868
f 869/869 870/870 868/868
f 869/869 871/871 870/870
f 871/871 872/872 870/870
f 871/871 873/873 872/872
f 873/873 874/874 872/872
f 873/873 875/875 874/874
f 875/875 876/876 874/874
f 875/875 877/877 876/876
f 877/877 878/878 876/876
f 877/877 879/879 878/878
f 879/879 880/880 878/878
f 879/879 881/881 880/880
f 881/881 882/882 880/880
f 881/881 883/883 882/882
f 883/883 884/884 882/882
f 883/883 885/885 884/884
f 885/885 886/886 884/884
f 885/885 887/887 886/886
f 887/887 888/888 886/886
f 887/887 889/889 888/888
f 889/889 890/890 888/888
f 889/889 891/891 890/890
f 891/891 892/892 890/890
f 893/893 894/894 895/895
f 894/894 896/896 895/895
f 894/894 897/897 896/896
f 897/897 898/898 896/896
f 897/897 899/899 898/898
f 899/899 900/900 898/898
f 900/900 899/899 901/901
f 899/899 902/902 901/901
f 903/903 904/904 905/905
f 904/904 906/906 905/905
f 904/904 907/907 906/906
f 907/907 908/908 906/906
f 906/906 908/908 909/909
f 908/908 910/910 909/909
f 909/909 910/910 911/911
f 910/910 912/912 911/911
f 911/911 912/912 913/913
f 912/912 914/914 913/913
f 913/913 914/914 915/915
f 914/914 916/916 915/915
f 915/915 916/916 917/917
f 916/916 918/918 917/917
f 917/917 918/918 919/919
f 918/918 920/920 919/919
f 919/919 920/920 921/921
f 920/920 922/922 921/921
f 921/921 922/922 923/923
f 922/922 924/924 923/923
f 923/923 924/924 925/925
f 924/924 926/926 925/925
f 925/925 926/926 927/927
f 926/926 928/928 927/927
f 927/927 928/928 929/929
f 930/930 931/931 932/932
f 931/931 933/933 932/932
f 931/931 934/934 933/933
f 934/934 935/935 933/933
f 934/934 936/936 935/935
f 936/936 937/937 935/935
f 936/936 938/938 937/937
f 938/938 939/939 937/937
f 938/938 940/940 939/939
f 940/940 941/941 939/939
f 940/940 942/942 941/941
f 942/942 943/943 941/941
f 942/942 944/944 943/943
f 944/944 945/945 943/943
f 945/945 944/944 946/946
f 944/944 947/947 946/946
f 763/763 761/761 765/765
f 761/761 948/948 765/765
f 765/765 948/948 767/767
f 948/948 949/949 767/767
f 949/949 948/948 950/950
f 948/948 761/761 950/950
f 950/950 761/761 951/951
f 761/761 759/759 951/951
f 951/951 759/759 952/952
f 759/759 757/757 952/952
f 952/952 757/757 953/953
f 757/757 954/954 953/953
f 953/953 954/954 955/955
f 954/954 956/956 955/955
f 757/757 755/755 954/954
f 755/755 753/753 954/954
f 954/954 753/753 957/957
f 753/753 958/958 957/957
f 957/957 958/958 956/956
f 958/958 959/959 956/956
f 958/958 753/753 960/960
f 753/753 751/751 960/960
f 960/960 751/751 961/961
f 751/751 749/749 961/961
f 960/960 961/961 958/958
f 961/961 962/962 958/958
f 958/958 962/962 963/963
f 770/770 964/964 754/754
f 964/964 752/752 754/754
f 964/964 965/965 752/752
f 965/965 750/750 752/752
f 966/966 967/967 968/968
f 967/967 969/969 968/968
f 970/970 971/971 972/972
f 971/971 973/973 972/972
f 951/951 974/974 950/950
f 974/974 949/949 950/950
f 975/975 976/976 977/977
f 976/976 978/978 977/977
f 976/976 979/979 978/978
f 979/979 980/980 978/978
f 979/979 981/981 980/980
f 981/981 982/982 980/980
f 981/981 983/983 982/982
f 983/983 984/984 982/982
f 983/983 985/985 984/984
f 985/985 986/986 984/984
f 985/985 987/987 986/986
f 987/987 988/988 986/986
f 987/987 989/989 988/988
f 989/989 990/990 988/988
f 990/990 989/989 991/991
f 989/989 992/992 991/991
f 991/991 992/992 993/993
f 992/992 994/994 993/993
f 993/993 994/994 995/995
f 993/993 995/995 996/996
f 995/995 997/997 996/996
f 995/995 998/998 997/997
f 998/998 999/999 997/997
f 998/998 1000/1000 999/999
f 1000/1000 1001/1001 999/999
f 1000/1000 1002/1002 1001/1001
f 1002/1002 1003/1003 1001/1001
f 1002/1002 1004/1004 1003/1003
f 1004/1004 1005/1005 1003/1003
f 1004/1004 1006/1006 1005/1005
f 1006/1006 1007/1007 1005/1005
f 1006/1006 1008/1008 1007/1007
f 1008/1008 1009/1009 1007/1007
f 1008/1008 1010/1010 1009/1009
f 1010/1010 1011/1011 1009/1009
f 1010/1010 1012/1012 1011/1011
f 1012/1012 1013/1013 1011/1011
f 1012/1012 1014/1014 1013/1013
f 1014/1014 1015/1015 1013/1013
f 1014/1014 1016/1016 1015/1015
f 1016/1016 1017/1017 1015/1015
f 1015/1015 1017/1017 1018/1018
f 1017/1017 1019/1019 1018/1018
f 1017/1017 1020/1020 1019/1019
f 1020/1020 1021/1021 1019/1019
f 1020/1020 1022/1022 1021/1021
f 1022/1022 1023/1023 1021/1021
f 1022/1022 1024/1024 1023/1023
f 1024/1024 1025/1025 1023/1023
f 1023/1023 1025/1025 1026/1026
f 1023/1023 1026/1026 1027/1027
f 1026/1026 1028/1028 1027/1027
f 1027/1027 1028/1028 1029/1029
f 1028/1028 1030/1030 1029/1029
f 1029/1029 1030/1030 1031/1031
f 1030/1030 1032/1032 1031/1031
f 1031/1031 1032/1032 1033/1033
f 1032/1032 1034/1034 1033/1033
f 1033/1033 1034/1034 1035/1035
f 1034/1034 1036/1036 1035/1035
f 1035/1035 1036/1036 1037/1037
f 1036/1036 1038/1038 1037/1037
f 1037/1037 1038/1038 1039/1039
f 1038/1038 1040/1040 1039/1039
f 1039/1039 1040/1040 1041/1041
f 1040/1040 1042/1042 1041/1041
f 1041/1041 1042/1042 1043/1043
f 1041/1041 1043/1043 1044/1044
f 1043/1043 1045/1045 1044/1044
f 1043/1043 1046/1046 1045/1045
f 1046/1046 1047/1047 1045/1045
f 1046/1046 1048/1048 1047/1047
f 1048/1048 1049/1049 1047/1047
f 1050/1050 1051/1051 1052/1052
f 1051/1051 1053/1053 1052/1052
f 1052/1052 1053/1053 1054/1054
f 1052/1052 1054/1054 1055/1055
f 1054/1054 1056/1056 1055/1055
f 1055/1055 1056/1056 1057/1057
f 1056/1056 1058/1058 1057/1057
f 1057/1057 1058/1058 1059/1059
f 1058/1058 1060/1060 1059/1059
f 1059/1059 1060/1060 1061/1061
f 1060/1060 1062/1062 1061/1061
f 1061/1061 1062/1062 1063/1063
f 1061/1061 1063/1063 1064/1064
f 1063/1063 1065/1065 1064/1064
f 1065/1065 1063/1063 1066/1066
f 1063/1063 1067/1067 1066/1066
f 1066/1066 1067/1067 1068/1068
f 1067/1067 1069/1069 1068/1068
f 1068/1068 1069/1069 1070/1070
f 1070/1070 1071/1071 1068/1068
f 1071/1071 1072/1072 1068/1068
f 1072/1072 1071/1071 1073/1073
f 1071/1071 1074/1074 1073/1073
f 1073/1073 1074/1074 1075/1075
f 1074/1074 1076/1076 1075/1075
f 1074/1074 1077/1077 1076/1076
f 1077/1077 1078/1078 1076/1076
f 1076/1076 1078/1078 1079/1079
f 1078/1078 1080/1080 1079/1079
f 1079/1079 1080/1080 1081/1081
f 1080/1080 1082/1082 1081/1081
f 1081/1081 1082/1082 1083/1083
f 1082/1082 1084/1084 1083/1083
f 1082/1082 1085/1085 1084/1084
f 1085/1085 1086/1086 1084/1084
f 1084/1084 1086/1086 1087/1087
f 1088/1088 1089/1089 1090/1090
f 1089/1089 1091/1091 1090/1090
f 1092/1092 1093/1093 1094/1094
f 1093/1093 1095/1095 1094/1094
f 1094/1094 1095/1095 1096/1096
f 1095/1095 1097/1097 1096/1096
f 1096/1096 1097/1097 1098/1098
f 1097/1097 1099/1099 1098/1098
f 1098/1098 1099/1099 1100/1100
f 1099/1099 1101/1101 1100/1100
f 1100/1100 1101/1101 1102/1102
f 1101/1101 1103/1103 1102/1102
f 1102/1102 1103/1103 1104/1104
f 1103/1103 1105/1105 1104/1104
f 1104/1104 1105/1105 1106/1106
f 1105/1105 1107/1107 1106/1106
f 1106/1106 1107/1107 1108/1108
f 1107/1107 1109/1109 1108/1108
f 1108/1108 1109/1109 1110/1110
f 1109/1109 1111/1111 1110/1110
f 1110/1110 1111/1111 1112/1112
f 1111/1111 1113/1113 1112/1112
f 1105/1105 1114/1114 1107/1107
f 1114/1114 1115/1115 1107/1107
f 1107/1107 1115/1115 1109/1109
f 1115/1115 1116/1116 1109/1109
f 1109/1109 1116/1116 1111/1111
f 1116/1116 1117/1117 1111/1111
f 1111/1111 1117/1117 1113/1113
f 1117/1117 1118/1118 1113/1113
f 1114/1114 1119/1119 1115/1115
f 1119/1119 1120/1120 1115/1115
f 1115/1115 1120/1120 1116/1116
f 1120/1120 1121/1121 1116/1116
f 1116/1116 1121/1121 1117/1117
f 1121/1121 1122/1122 1117/1117
f 1117/1117 1122/1122 1118/1118
f 1122/1122 1123/1123 1118/1118
f 1119/1119 1114/1114 1124/1124
f 1114/1114 1125/1125 1124/1124
f 1124/1124 1125/1125 1126/1126
f 1125/1125 1127/1127 1126/1126
f 1126/1126 1127/1127 1128/1128
f 1127/1127 1129/1129 1128/1128
f 1128/1128 1129/1129 1130/1130
f 1129/1129 1131/1131 1130/1130
f 1130/1130 1131/1131 1132/1132
f 1131/1131 1095/1095 1132/1132
f 1132/1132 1095/1095 1093/1093
f 1129/1129 1127/1127 1101/1101
f 1127/1127 1125/1125 1101/1101
f 1101/1101 1125/1125 1103/1103
f 1125/1125 1114/1114 1103/1103
f 1103/1103 1114/1114 1105/1105
f 1101/1101 1099/1099 1129/1129
f 1099/1099 1131/1131 1129/1129
f 1099/1099 1097/1097 1131/1131
f 1097/1097 1095/1095 1131/1131
f 1133/1133 1134/1134 1135/1135
f 1134/1134 1136/1136 1135/1135
f 1134/1134 1137/1137 1136/1136
f 1137/1137 1138/1138 1136/1136
f 1137/1137 1139/1139 1138/1138
f 1139/1139 1140/1140 1138/1138
f 1139/1139 1141/1141 1140/1140
f 1141/1141 1142/1142 1140/1140
f 1141/1141 1143/1143 1142/1142
f 1143/1143 1144/1144 1142/1142
f 1143/1143 1145/1145 1144/1144
f 1145/1145 1146/1146 1144/1144
f 1145/1145 1147/1147 1146/1146
f 1147/1147 1148/1148 1146/1146
f 1147/1147 1149/1149 1148/1148
f 1149/1149 1150/1150 1148/1148
f 1149/1149 1151/1151 1150/1150
f 1151/1151 1152/1152 1150/1150
f 1151/1151 1153/1153 1152/1152
f 1153/1153 1154/1154 1152/1152
f 1153/1153 1155/1155 1154/1154
f 1155/1155 1156/1156 1154/1154
f 1155/1155 1157/1157 1156/1156
f 1157/1157 1158/1158 1156/1156
f 1157/1157 1159/1159 1158/1158
f 1159/1159 1160/1160 1158/1158
f 1159/1159 1161/1161 1160/1160
f 1161/1161 1162/1162 1160/1160
f 1161/1161 1163/1163 1162/1162
f 1163/1163 1164/1164 1162/1162
f 1163/1163 1165/1165 1164/1164
f 1165/1165 1166/1166 1164/1164
f 1165/1165 1167/1167 1166/1166
f 1167/1167 1168/1168 1166/1166
f 1167/1167 1169/1169 1168/1168
f 1169/1169 1170/1170 1168/1168
f 1169/1169 1171/1171 1170/1170
f 1171/1171 1172/1172 1170/1170
f 1171/1171 1173/1173 1172/1172
f 1173/1173 1174/1174 1172/1172
f 1173/1173 1175/1175 1174/1174
f 1175/1175 1176/1176 1174/1174
f 1175/1175 1177/1177 1176/1176
f 1177/1177 1178/1178 1176/1176
f 1177/1177 1179/1179 1178/1178
f 1179/1179 1180/1180 1178/1178
f 1179/1179 1181/1181 1180/1180
f 1181/1181 1182/1182 1180/1180
f 1181/1181 1183/1183 1182/1182
f 1183/1183 1184/1184 1182/1182
f 1183/1183 1185/1185 1184/1184
f 1185/1185 1186/1186 1184/1184
f 1185/1185 1187/1187 1186/1186
f 1187/1187 1188/1188 1186/1186
f 1187/1187 1189/1189 1188/1188
f 1189/1189 1190/1190 1188/1188
f 1189/1189 1191/1191 1190/1190
f 1191/1191 1192/1192 1190/1190
f 1191/1191 1193/1193 1192/1192
f 1193/1193 1194/1194 1192/1192
f 1193/1193 1195/1195 1194/1194
f 1195/1195 1196/1196 1194/1194
f 1195/1195 1197/1197 1196/1196
f 1197/1197 1198/1198 1196/1196
f 1197/1197 1199/1199 1198/1198
f 1199/1199 1200/1200 1198/1198
f 1199/1199 1201/1201 1200/1200
f 1201/1201 1202/1202 1200/1200
f 1201/1201 1203/1203 1202/1202
f 1203/1203 1204/1204 1202/1202
f 1203/1203 1205/1205 1204/1204
f 1205/1205 1206/1206 1204/1204
f 1205/1205 1207/1207 1206/1206
f 1207/1207 1208/1208 1206/1206
f 1207/1207 1209/1209 1208/1208
f 1209/1209 1210/1210 1208/1208
f 1209/1209 1211/1211 1210/1210
f 1211/1211 1212/1212 1210/1210
f 1211/1211 1213/1213 1212/1212
f 1213/1213 1214/1214 1212/1212
f 1213/1213 1215/1215 1214/1214
f 1215/1215 1216/1216 1214/1214
f 1215/1215 1217/1217 1216/1216
f 1217/1217 1218/1218 1216/1216
f 1217/1217 1219/1219 1218/1218
f 1219/1219 1220/1220 1218/1218
f 1219/1219 1221/1221 1220/1220
f 1221/1221 1222/1222 1220/1220
f 1221/1221 1223/1223 1222/1222
f 1223/1223 1224/1224 1222/1222
f 1223/1223 1225/1225 1224/1224
f 1225/1225 1226/1226 1224/1224
f 1225/1225 1227/1227 1226/1226
f 1227/1227 1228/1228 1226/1226
f 1227/1227 1229/1229 1228/1228
f 1229/1229 1230/1230 1228/1228
f 1229/1229 1231/1231 1230/1230
f 1231/1231 1232/1232 1230/1230
f 1231/1231 1233/1233 1232/1232
f 1233/1233 1234/1234 1232/1232
f 1233/1233 1235/1235 1234/1234
f 1235/1235 1236/1236 1234/1234
f 1235/1235 1237/1237 1236/1236
f 1237/1237 1238/1238 1236/1236
f 1237/1237 1239/1239 1238/1238
f 1239/1239 1240/1240 1238/1238
f 1239/1239 1241/1241 1240/1240
f 1241/1241 1242/1242 1240/1240
f 1241/1241 1243/1243 1242/1242
f 1243/1243 1244/1244 1242/1242
f 1243/1243 1245/1245 1244/1244
f 1245/1245 1246/1246 1244/1244
f 1245/1245 1247/1247 1246/1246
f 1247/1247 1248/1248 1246/1246
f 1247/1247 1249/1249 1248/1248
f 1249/1249 1250/1250 1248/1248
f 1249/1249 1251/1251 1250/1250
f 1251/1251 1252/1252 1250/1250
f 1251/1251 1253/1253 1252/1252
f 1253/1253 1254/1254 1252/1252
f 947/947 1255/1255 946/946
f 1255/1255 1256/1256 946/946
f 1256/1256 1255/1255 1257/1257
f 1255/1255 1258/1258 1257/1257
f 1093/1093 1259/1259 1132/1132
f 1259/1259 1260/1260 1132/1132
f 1132/1132 1260/1260 1261/1261
f 1260/1260 1262/1262 1261/1261
f 1261/1261 1262/1262 1263/1263
f 1262/1262 1264/1264 1263/1263
f 1263/1263 1264/1264 1265/1265
f 1264/1264 1266/1266 1265/1265
f 1265/1265 1266/1266 1267/1267
f 1132/1132 1261/1261 1130/1130
f 1261/1261 1268/1268 1130/1130
f 1130/1130 1268/1268 1128/1128
f 1268/1268 1269/1269 1128/1128
f 1128/1128 1269/1269 1126/1126
f 1269/1269 1270/1270 1126/1126
f 1126/1126 1270/1270 1124/1124
f 1270/1270 1271/1271 1124/1124
f 1124/1124 1271/1271 1119/1119
f 1271/1271 1272/1272 1119/1119
f 1119/1119 1272/1272 1273/1273
f 1272/1272 1274/1274 1273/1273
f 1273/1273 1274/1274 1275/1275
f 1274/1274 1276/1276 1275/1275
f 1275/1275 1276/1276 1277/1277
f 1276/1276 1278/1278 1277/1277
f 1277/1277 1278/1278 1279/1279
f 1278/1278 1280/1280 1279/1279
f 1279/1279 1280/1280 1281/1281
f 1261/1261 1263/1263 1268/1268
f 1263/1263 1282/1282 1268/1268
f 1268/1268 1282/1282 1269/1269
f 1282/1282 1283/1283 1269/1269
f 1269/1269 1283/1283 1284/1284
f 1283/1283 1285/1285 1284/1284
f 1284/1284 1285/1285 1286/1286
f 1285/1285 1287/1287 1286/1286
f 1286/1286 1287/1287 1274/1274
f 1287/1287 1288/1288 1274/1274
f 1274/1274 1288/1288 1276/1276
f 1274/1274 1272/1272 1286/1286
f 1272/1272 1271/1271 1286/1286
f 1286/1286 1271/1271 1284/1284
f 1271/1271 1270/1270 1284/1284
f 1284/1284 1270/1270 1269/1269
f 1123/1123 1122/1122 1289/1289
f 1122/1122 1290/1290 1289/1289
f 1289/1289 1290/1290 1291/1291
f 1290/1290 1279/1279 1291/1291
f 1291/1291 1279/1279 1281/1281
f 1290/1290 1122/1122 1292/1292
f 1122/1122 1121/1121 1292/1292
f 1292/1292 1121/1121 1273/1273
f 1121/1121 1120/1120 1273/1273
f 1273/1273 1120/1120 1119/1119
f 1273/1273 1275/1275 1292/1292
f 1275/1275 1277/1277 1292/1292
f 1292/1292 1277/1277 1290/1290
f 1277/1277 1279/1279 1290/1290
f 1293/1293 1294/1294 1295/1295
f 1294/1294 1296/1296 1295/1295
f 1295/1295 1296/1296 1297/1297
f 1295/1295 1297/1297 1298/1298
f 1297/1297 1299/1299 1298/1298
f 1297/1297 1300/1300 1299/1299
f 1300/1300 1301/1301 1299/1299
f 1300/1300 1302/1302 1301/1301
f 1302/1302 1303/1303 1301/1301
f 1302/1302 1304/1304 1303/1303
f 1304/1304 1305/1305 1303/1303
f 1303/1303 1305/1305 1306/1306
f 1305/1305 1307/1307 1306/1306
f 1305/1305 1308/1308 1307/1307
f 1308/1308 1309/1309 1307/1307
f 1309/1309 1308/1308 1310/1310
f 1308/1308 1311/1311 1310/1310
f 1310/1310 1311/1311 1312/1312
f 1312/1312 1313/1313 1310/1310
f 1313/1313 1314/1314 1310/1310
f 1313/1313 1315/1315 1314/1314
f 1315/1315 1316/1316 1314/1314
f 1315/1315 1317/1317 1316/1316
f 1317/1317 1318/1318 1316/1316
f 1318/1318 1317/1317 1319/1319
f 1317/1317 1320/1320 1319/1319
f 1319/1319 1320/1320 1321/1321
f 1320/1320 1322/1322 1321/1321
f 1321/1321 1322/1322 1323/1323
f 1322/1322 1324/1324 1323/1323
f 1323/1323 1324/1324 1325/1325
f 1324/1324 1326/1326 1325/1325
f 1325/1325 1326/1326 1327/1327
f 1326/1326 1328/1328 1327/1327
f 1327/1327 1328/1328 1329/1329
f 1285/1285 1283/1283 1330/1330
f 1283/1283 1331/1331 1330/1330
f 1283/1283 1282/1282 1331/1331
f 1282/1282 1267/1267 1331/1331
f 1267/1267 1282/1282 1265/1265
f 1282/1282 1263/1263 1265/1265
f 1332/1332 1333/1333 1334/1334
f 1333/1333 1335/1335 1334/1334
f 1334/1334 1335/1335 1336/1336
f 1336/1336 1337/1337 1334/1334
f 1337/1337 1338/1338 1334/1334
f 1337/1337 1339/1339 1338/1338
f 1339/1339 1340/1340 1338/1338
f 1339/1339 1341/1341 1340/1340
f 1341/1341 1342/1342 1340/1340
f 1341/1341 1343/1343 1342/1342
f 1343/1343 1344/1344 1342/1342
f 1343/1343 1345/1345 1344/1344
f 1345/1345 1346/1346 1344/1344
f 1345/1345 1347/1347 1346/1346
f 1347/1347 1348/1348 1346/1346
f 1347/1347 1349/1349 1348/1348
f 1349/1349 1350/1350 1348/1348
f 1349/1349 1351/1351 1350/1350
f 1351/1351 1352/1352 1350/1350
f 1351/1351 1353/1353 1352/1352
f 1353/1353 1354/1354 1352/1352
f 1352/1352 1354/1354 1355/1355
f 1354/1354 1356/1356 1355/1355
f 1353/1353 1357/1357 1354/1354
f 1357/1357 1358/1358 1354/1354
f 1354/1354 1358/1358 1359/1359
f 1359/1359 1360/1360 1354/1354
f 1360/1360 1356/1356 1354/1354
f 1361/1361 1362/1362 1363/1363
f 1362/1362 1364/1364 1363/1363
f 1362/1362 1365/1365 1364/1364
f 1365/1365 1366/1366 1364/1364
f 1364/1364 1366/1366 1367/1367
f 1366/1366 1368/1368 1367/1367
f 1367/1367 1368/1368 1369/1369
f 1365/1365 1370/1370 1366/1366
f 1370/1370 1368/1368 1366/1366
f 1368/1368 1370/1370 1371/1371
f 1370/1370 1372/1372 1371/1371
f 1371/1371 1372/1372 1373/1373
f 1258/1258 1374/1374 1257/1257
f 1374/1374 1375/1375 1257/1257
f 1374/1374 1376/1376 1375/1375
f 1376/1376 1377/1377 1375/1375
f 1376/1376 1378/1378 1377/1377
f 1378/1378 1379/1379 1377/1377
f 1378/1378 1380/1380 1379/1379
f 1380/1380 1381/1381 1379/1379
f 1380/1380 1382/1382 1381/1381
f 1382/1382 1383/1383 1381/1381
f 1382/1382 1384/1384 1383/1383
f 1384/1384 1385/1385 1383/1383
f 1386/1386 1387/1387 1388/1388
f 1387/1387 1389/1389 1388/1388
f 1388/1388 1389/1389 1390/1390
f 1388/1388 1390/1390 1391/1391
f 1390/1390 1392/1392 1391/1391
f 1390/1390 1393/1393 1392/1392
f 1393/1393 1394/1394 1392/1392
f 1393/1393 1395/1395 1394/1394
f 1395/1395 1396/1396 1394/1394
f 1395/1395 1397/1397 1396/1396
f 1397/1397 1398/1398 1396/1396
f 1396/1396 1398/1398 1399/1399
f 1398/1398 1400/1400 1399/1399
f 1398/1398 1401/1401 1400/1400
f 1401/1401 1402/1402 1400/1400
f 1402/1402 1401/1401 1403/1403
f 1401/1401 1404/1404 1403/1403
f 1403/1403 1404/1404 1405/1405
f 1405/1405 1406/1406 1403/1403
f 1406/1406 1407/1407 1403/1403
f 1406/1406 1408/1408 1407/1407
f 1408/1408 1409/1409 1407/1407
f 1408/1408 1410/1410 1409/1409
f 1410/1410 1411/1411 1409/1409
f 1411/1411 1410/1410 1412/1412
f 1410/1410 1413/1413 1412/1412
f 1412/1412 1413/1413 1414/1414
f 1413/1413 1415/1415 1414/1414
f 1414/1414 1415/1415 1416/1416
f 1415/1415 1417/1417 1416/1416
f 1416/1416 1417/1417 1418/1418
f 1416/1416 1418/1418 1419/1419
f 1418/1418 1420/1420 1419/1419
f 1418/1418 1421/1421 1420/1420
f 1421/1421 1422/1422 1420/1420
f 1423/1423 1424/1424 1425/1425
f 1424/1424 1426/1426 1425/1425
f 1427/1427 1428/1428 1429/1429
f 1428/1428 1430/1430 1429/1429
f 1430/1430 1428/1428 1431/1431
f 1428/1428 1432/1432 1431/1431
f 1431/1431 1432/1432 1433/1433
f 1431/1431 1433/1433 1434/1434
f 1433/1433 1435/1435 1434/1434
f 1433/1433 1436/1436 1435/1435
f 1436/1436 1437/1437 1435/1435
f 1435/1435 1437/1437 1438/1438
f 1437/1437 1439/1439 1438/1438
f 1438/1438 1439/1439 1440/1440
f 1439/1439 1441/1441 1440/1440
f 1440/1440 1441/1441 1442/1442
f 1441/1441 1443/1443 1442/1442
f 1442/1442 1443/1443 1444/1444
f 1443/1443 1445/1445 1444/1444
f 1444/1444 1445/1445 1446/1446
f 1445/1445 1447/1447 1446/1446
f 1446/1446 1447/1447 1448/1448
f 1447/1447 1449/1449 1448/1448
f 1448/1448 1449/1449 1450/1450
f 1449/1449 1451/1451 1450/1450
f 1450/1450 1451/1451 1452/1452
f 1451/1451 1453/1453 1452/1452
f 1452/1452 1453/1453 1454/1454
f 1453/1453 1455/1455 1454/1454
f 1454/1454 1455/1455 1456/1456
f 1455/1455 1457/1457 1456/1456
f 1456/1456 1457/1457 1458/1458
f 1457/1457 1459/1459 1458/1458
f 1458/1458 1459/1459 1460/1460
f 1459/1459 1461/1461 1460/1460
f 1460/1460 1461/1461 1462/1462
f 1461/1461 1463/1463 1462/1462
f 1462/1462 1463/1463 1464/1464
f 1463/1463 1465/1465 1464/1464
f 1464/1464 1465/1465 1466/1466
f 1465/1465 1467/1467 1466/1466
f 1466/1466 1467/1467 1468/1468
f 1467/1467 1469/1469 1468/1468
f 1468/1468 1469/1469 1470/1470
f 1469/1469 1471/1471 1470/1470
f 1470/1470 1471/1471 1472/1472
f 1471/1471 1473/1473 1472/1472
f 1472/1472 1473/1473 1474/1474
f 1473/1473 1475/1475 1474/1474
f 1474/1474 1475/1475 1476/1476
f 1475/1475 1477/1477 1476/1476
f 1476/1476 1477/1477 1478/1478
f 1477/1477 1479/1479 1478/1478
f 1478/1478 1479/1479 1480/1480
f 1479/1479 1481/1481 1480/1480
f 1480/1480 1481/1481 1482/1482
f 1481/1481 1483/1483 1482/1482
f 1482/1482 1483/1483 1484/1484
f 1483/1483 1485/1485 1484/1484
f 1483/1483 1486/1486 1485/1485
f 1486/1486 1487/1487 1485/1485
f 1485/1485 1487/1487 1488/1488
f 1487/1487 1489/1489 1488/1488
f 1487/1487 1490/1490 1489/1489
f 1490/1490 1491/1491 1489/1489
f 1489/1489 1491/1491 1492/1492
f 1491/1491 1493/1493 1492/1492
f 1491/1491 1494/1494 1493/1493
f 1494/1494 1495/1495 1493/1493
f 1493/1493 1495/1495 1496/1496
f 1495/1495 1497/1497 1496/1496
f 1496/1496 1497/1497 1498/1498
f 1497/1497 1499/1499 1498/1498
f 1498/1498 1499/1499 1500/1500
f 1499/1499 1501/1501 1500/1500
f 1500/1500 1501/1501 1502/1502
f 1501/1501 1503/1503 1502/1502
f 1502/1502 1503/1503 1504/1504
f 1505/1505 1506/1506 1507/1507
f 1506/1506 1508/1508 1507/1507
f 1506/1506 1509/1509 1508/1508
f 1509/1509 1510/1510 1508/1508
f 1509/1509 1511/1511 1510/1510
f 1511/1511 1512/1512 1510/1510
f 1511/1511 1513/1513 1512/1512
f 1513/1513 1514/1514 1512/1512
f 1514/1514 1513/1513 1515/1515
f 1513/1513 1516/1516 1515/1515
f 1515/1515 1516/1516 1517/1517
f 1516/1516 1518/1518 1517/1517
f 1517/1517 1518/1518 1519/1519
f 1518/1518 1520/1520 1519/1519
f 1519/1519 1520/1520 1521/1521
f 1519/1519 1521/1521 1522/1522
f 1521/1521 1523/1523 1522/1522
f 1522/1522 1523/1523 1524/1524
f 1523/1523 1525/1525 1524/1524
f 1524/1524 1525/1525 1526/1526
f 1525/1525 1527/1527 1526/1526
f 1526/1526 1527/1527 1528/1528
f 1527/1527 1529/1529 1528/1528
f 1527/1527 1530/1530 1529/1529
f 1530/1530 1531/1531 1529/1529
f 1529/1529 1531/1531 1532/1532
f 1531/1531 1533/1533 1532/1532
f 1532/1532 1533/1533 1534/1534
f 1533/1533 1535/1535 1534/1534
f 1534/1534 1535/1535 1536/1536
f 1535/1535 1537/1537 1536/1536
f 1536/1536 1537/1537 1538/1538
f 1537/1537 1539/1539 1538/1538
f 1538/1538 1539/1539 1540/1540
f 1539/1539 1541/1541 1540/1540
f 1539/1539 1542/1542 1541/1541
f 1542/1542 1543/1543 1541/1541
f 1541/1541 1543/1543 1544/1544
f 1543/1543 1545/1545 1544/1544
f 1543/1543 1546/1546 1545/1545
f 1546/1546 1547/1547 1545/1545
f 1546/1546 1548/1548 1547/1547
f 1548/1548 1549/1549 1547/1547
f 1547/1547 1549/1549 1550/1550
f 1549/1549 1551/1551 1550/1550
f 1550/1550 1551/1551 1552/1552
f 1551/1551 1553/1553 1552/1552
f 1552/1552 1553/1553 1554/1554
f 1553/1553 1555/1555 1554/1554
f 1554/1554 1555/1555 1556/1556
f 1555/1555 1557/1557 1556/1556
f 1556/1556 1557/1557 1558/1558
f 1557/1557 1559/1559 1558/1558
f 1558/1558 1559/1559 1560/1560
f 1559/1559 1561/1561 1560/1560
f 1560/1560 1561/1561 1562/1562
f 1561/1561 1563/1563 1562/1562
f 1562/1562 1563/1563 1564/1564
f 1563/1563 1565/1565 1564/1564
f 1563/1563 1566/1566 1565/1565
f 1566/1566 1567/1567 1565/1565
f 1565/1565 1567/1567 1568/1568
f 1567/1567 1569/1569 1568/1568
f 1567/1567 1570/1570 1569/1569
f 1570/1570 1571/1571 1569/1569
f 1569/1569 1571/1571 1572/1572
f 1571/1571 1573/1573 1572/1572
f 1572/1572 1573/1573 1574/1574
f 1573/1573 1575/1575 1574/1574
f 1574/1574 1575/1575 1576/1576
f 1575/1575 1577/1577 1576/1576
f 1576/1576 1577/1577 1578/1578
f 1577/1577 1579/1579 1578/1578
f 1578/1578 1579/1579 1580/1580
f 1579/1579 1581/1581 1580/1580
f 1580/1580 1581/1581 1582/1582
f 1583/1583 1584/1584 1585/1585
f 1584/1584 1586/1586 1585/1585
f 1584/1584 1587/1587 1586/1586
f 1587/1587 1588/1588 1586/1586
f 1587/1587 1589/1589 1588/1588
f 1589/1589 1590/1590 1588/1588
f 1589/1589 1591/1591 1590/1590
f 1591/1591 1592/1592 1590/1590
f 1591/1591 1593/1593 1592/1592
f 1593/1593 1594/1594 1592/1592
f 1593/1593 1595/1595 1594/1594
f 1595/1595 1596/1596 1594/1594
f 1595/1595 1597/1597 1596/1596
f 1597/1597 1598/1598 1596/1596
f 1597/1597 1599/1599 1598/1598
f 1599/1599 1600/1600 1598/1598
f 1599/1599 1601/1601 1600/1600
f 1601/1601 1602/1602 1600/1600
f 1601/1601 1603/1603 1602/1602
f 1603/1603 1604/1604 1602/1602
f 1603/1603 1605/1605 1604/1604
f 1605/1605 1606/1606 1604/1604
f 1605/1605 1607/1607 1606/1606
f 1607/1607 1608/1608 1606/1606
f 1607/1607 1609/1609 1608/1608
f 1609/1609 1610/1610 1608/1608
f 1609/1609 1611/1611 1610/1610
f 1611/1611 1612/1612 1610/1610
f 1611/1611 1613/1613 1612/1612
f 1613/1613 1614/1614 1612/1612
f 1613/1613 1615/1615 1614/1614
f 1615/1615 1616/1616 1614/1614
f 1615/1615 1617/1617 1616/1616
f 1617/1617 1618/1618 1616/1616
f 1617/1617 1619/1619 1618/1618
f 1619/1619 1620/1620 1618/1618
f 1619/1619 1621/1621 1620/1620
f 1621/1621 1622/1622 1620/1620
f 1621/1621 1623/1623 1622/1622
f 1623/1623 1624/1624 1622/1622
f 1623/1623 1625/1625 1624/1624
f 1625/1625 1626/1626 1624/1624
f 1625/1625 1627/1627 1626/1626
f 1627/1627 1628/1628 1626/1626
f 1627/1627 1629/1629 1628/1628
f 1629/1629 1630/1630 1628/1628
f 1629/1629 1631/1631 1630/1630
f 1631/1631 1632/1632 1630/1630
f 1631/1631 1633/1633 1632/1632
f 1633/1633 1634/1634 1632/1632
f 1633/1633 1635/1635 1634/1634
f 1635/1635 1636/1636 1634/1634
f 1635/1635 1637/1637 1636/1636
f 1637/1637 1638/1638 1636/1636
f 1637/1637 1639/1639 1638/1638
f 1639/1639 1640/1640 1638/1638
f 1639/1639 1641/1641 1640/1640
f 1641/1641 1642/1642 1640/1640
f 1641/1641 1643/1643 1642/1642
f 1643/1643 1644/1644 1642/1642
f 1643/1643 1645/1645 1644/1644
f 1645/1645 1646/1646 1644/1644
f 1645/1645 1647/1647 1646/1646
f 1647/1647 1648/1648 1646/1646
f 1647/1647 1649/1649 1648/1648
f 1649/1649 1650/1650 1648/1648
f 1649/1649 1651/1651 1650/1650
f 1651/1651 1652/1652 1650/1650
f 1651/1651 1653/1653 1652/1652
f 1653/1653 1654/1654 1652/1652
f 1653/1653 1655/1655 1654/1654
f 1655/1655 1656/1656 1654/1654
f 1655/1655 1657/1657 1656/1656
f 1657/1657 1658/1658 1656/1656
f 1657/1657 1659/1659 1658/1658
f 1659/1659 1660/1660 1658/1658
f 1659/1659 1661/1661 1660/1660
f 1661/1661 1662/1662 1660/1660
f 1661/1661 1663/1663 1662/1662
f 1663/1663 1664/1664 1662/1662
f 1663/1663 1665/1665 1664/1664
f 1665/1665 1666/1666 1664/1664
f 1665/1665 1667/1667 1666/1666
f 1667/1667 1668/1668 1666/1666
f 1667/1667 1669/1669 1668/1668
f 1669/1669 1670/1670 1668/1668
f 1669/1669 1671/1671 1670/1670
f 1671/1671 1672/1672 1670/1670
f 1671/1671 1673/1673 1672/1672
f 1673/1673 1674/1674 1672/1672
f 1673/1673 1675/1675 1674/1674
f 1675/1675 1676/1676 1674/1674
f 1675/1675 1677/1677 1676/1676
f 1677/1677 1678/1678 1676/1676
f 1677/1677 1679/1679 1678/1678
f 1679/1679 1680/1680 1678/1678
f 1679/1679 1681/1681 1680/1680
f 1681/1681 1682/1682 1680/1680
f 1681/1681 1683/1683 1682/1682
f 1683/1683 1684/1684 1682/1682
f 1683/1683 1685/1685 1684/1684
f 1685/1685 1686/1686 1684/1684
f 1685/1685 1687/1687 1686/1686
f 1687/1687 1688/1688 1686/1686
f 1687/1687 1689/1689 1688/1688
f 1689/1689 1690/1690 1688/1688
f 1689/1689 1691/1691 1690/1690
f 1691/1691 1692/1692 1690/1690
f 1691/1691 1693/1693 1692/1692
f 1693/1693 1694/1694 1692/1692
f 1693/1693 1695/1695 1694/1694
f 1695/1695 1696/1696 1694/1694
f 1695/1695 1697/1697 1696/1696
f 1697/1697 1698/1698 1696/1696
f 1697/1697 1699/1699 1698/1698
f 1699/1699 1700/1700 1698/1698
f 1699/1699 1701/1701 1700/1700
f 1701/1701 1702/1702 1700/1700
f 1701/1701 1703/1703 1702/1702
f 1703/1703 1704/1704 1702/1702
f 1369/1369 1705/1705 1367/1367
f 1705/1705 1706/1706 1367/1367
f 1705/1705 1707/1707 1706/1706
f 1707/1707 1708/1708 1706/1706
f 1707/1707 1709/1709 1708/1708
f 1709/1709 1710/1710 1708/1708
f 1711/1711 1712/1712 1713/1713
f 1712/1712 1714/1714 1713/1713
f 1713/1713 1714/1714 1715/1715
f 1714/1714 1716/1716 1715/1715
f 1715/1715 1716/1716 1717/1717
f 1716/1716 1718/1718 1717/1717
f 1717/1717 1718/1718 1719/1719
f 1717/1717 1719/1719 1720/1720
f 1719/1719 1721/1721 1720/1720
f 1719/1719 1722/1722 1721/1721
f 1722/1722 1723/1723 1721/1721
f 1722/1722 1724/1724 1723/1723
f 1724/1724 1725/1725 1723/1723
f 1724/1724 1726/1726 1725/1725
f 1726/1726 1727/1727 1725/1725
f 1725/1725 1727/1727 1728/1728
f 1727/1727 1729/1729 1728/1728
f 1727/1727 1730/1730 1729/1729
f 1730/1730 1731/1731 1729/1729
f 1730/1730 1732/1732 1731/1731
f 1732/1732 1733/1733 1731/1731
f 1732/1732 1734/1734 1733/1733
f 1734/1734 1735/1735 1733/1733
f 1733/1733 1735/1735 1736/1736
f 1735/1735 1737/1737 1736/1736
f 1736/1736 1737/1737 1738/1738
f 1737/1737 1739/1739 1738/1738
f 1738/1738 1739/1739 1740/1740
f 1739/1739 1741/1741 1740/1740
f 1740/1740 1741/1741 1742/1742
f 1741/1741 1743/1743 1742/1742
f 1742/1742 1743/1743 1744/1744
f 1745/1745 1746/1746 1747/1747
f 1746/1746 1748/1748 1747/1747
f 1748/1748 1746/1746 1749/1749
f 1746/1746 1750/1750 1749/1749
f 1749/1749 1750/1750 1751/1751
f 1749/1749 1751/1751 1752/1752
f 1751/1751 1753/1753 1752/1752
f 1752/1752 1753/1753 1754/1754
f 1753/1753 1755/1755 1754/1754
f 1754/1754 1755/1755 1756/1756
f 1755/1755 1757/1757 1756/1756
f 1755/1755 1758/1758 1757/1757
f 1758/1758 1759/1759 1757/1757
f 1757/1757 1759/1759 1760/1760
f 1759/1759 1761/1761 1760/1760
f 1759/1759 1762/1762 1761/1761
f 1762/1762 1763/1763 1761/1761
f 1761/1761 1763/1763 1764/1764
f 1763/1763 1765/1765 1764/1764
f 1764/1764 1765/1765 1766/1766
f 1765/1765 1767/1767 1766/1766
f 1766/1766 1767/1767 1768/1768
f 1767/1767 1769/1769 1768/1768
f 1768/1768 1769/1769 1770/1770
f 1769/1769 1771/1771 1770/1770
f 1770/1770 1771/1771 1772/1772
f 1770/1770 1772/1772 1773/1773
f 1772/1772 1774/1774 1773/1773
f 1774/1774 1772/1772 1775/1775
f 1772/1772 1776/1776 1775/1775
f 1775/1775 1776/1776 1777/1777
f 1776/1776 1778/1778 1777/1777
f 1777/1777 1778/1778 1779/1779
f 1779/1779 1780/1780 1777/1777
f 1780/1780 1781/1781 1777/1777
f 1781/1781 1780/1780 1782/1782
f 1780/1780 1783/1783 1782/1782
f 1782/1782 1783/1783 1784/1784
f 1783/1783 1785/1785 1784/1784
f 1786/1786 1361/1361 1787/1787
f 1361/1361 1363/1363 1787/1787
f 1788/1788 1789/1789 1790/1790
f 1789/1789 1791/1791 1790/1790
f 1792/1792 1793/1793 1794/1794
f 1793/1793 1795/1795 1794/1794
f 1793/1793 1796/1796 1795/1795
f 1796/1796 1797/1797 1795/1795
f 1796/1796 1798/1798 1797/1797
f 1798/1798 1799/1799 1797/1797
f 1799/1799 1798/1798 1800/1800
f 1798/1798 1801/1801 1800/1800
f 1800/1800 1801/1801 1802/1802
f 1800/1800 1802/1802 1803/1803
f 1802/1802 1804/1804 1803/1803
f 1803/1803 1804/1804 1805/1805
f 1804/1804 1806/1806 1805/1805
f 1805/1805 1806/1806 1807/1807
f 1806/1806 1808/1808 1807/1807
f 1806/1806 1809/1809 1808/1808
f 1809/1809 1810/1810 1808/1808
f 1808/1808 1810/1810 1811/1811
f 1810/1810 1812/1812 1811/1811
f 1811/1811 1812/1812 1813/1813
f 1812/1812 1814/1814 1813/1813
f 1813/1813 1814/1814 1815/1815
f 1814/1814 1816/1816 1815/1815
f 1814/1814 1817/1817 1816/1816
f 1817/1817 1818/1818 1816/1816
f 1817/1817 1819/1819 1818/1818
f 1819/1819 1820/1820 1818/1818
f 1819/1819 1821/1821 1820/1820
f 1821/1821 1822/1822 1820/1820
f 1821/1821 1823/1823 1822/1822
f 1823/1823 1824/1824 1822/1822
f 1825/1825 1826/1826 1827/1827
f 1826/1826 1828/1828 1827/1827
f 1826/1826 1829/1829 1828/1828
f 1829/1829 1830/1830 1828/1828
f 1829/1829 1831/1831 1830/1830
f 1831/1831 1832/1832 1830/1830
f 1831/1831 1833/1833 1832/1832
f 1833/1833 1834/1834 1832/1832
f 1833/1833 1835/1835 1834/1834
f 1835/1835 1836/1836 1834/1834
f 1836/1836 1835/1835 1837/1837
f 1835/1835 1838/1838 1837/1837
f 1839/1839 1840/1840 1841/1841
f 1840/1840 1842/1842 1841/1841
f 1841/1841 1842/1842 1843/1843
f 1841/1841 1843/1843 1844/1844
f 1843/1843 1845/1845 1844/1844
f 1843/1843 1846/1846 1845/1845
f 1846/1846 1847/1847 1845/1845
f 1846/1846 1848/1848 1847/1847
f 1848/1848 1849/1849 1847/1847
f 1848/1848 1850/1850 1849/1849
f 1850/1850 1851/1851 1849/1849
f 1849/1849 1851/1851 1852/1852
f 1851/1851 1853/1853 1852/1852
f 1851/1851 1854/1854 1853/1853
f 1854/1854 1855/1855 1853/1853
f 1853/1853 1855/1855 1856/1856
f 1855/1855 1857/1857 1856/1856
f 1855/1855 1858/1858 1857/1857
f 1858/1858 1859/1859 1857/1857
f 1858/1858 1860/1860 1859/1859
f 1860/1860 1861/1861 1859/1859
f 1860/1860 1862/1862 1861/1861
f 1862/1862 1863/1863 1861/1861
f 1862/1862 1864/1864 1863/1863
f 1864/1864 1865/1865 1863/1863
f 1864/1864 1866/1866 1865/1865
f 1866/1866 1867/1867 1865/1865
f 1865/1865 1867/1867 1868/1868
f 1867/1867 1869/1869 1868/1868
f 1868/1868 1869/1869 1870/1870
f 1869/1869 1871/1871 1870/1870
f 1870/1870 1871/1871 1872/1872
f 1871/1871 1873/1873 1872/1872
f 1873/1873 1871/1871 1874/1874
f 1871/1871 1875/1875 1874/1874
f 1874/1874 1875/1875 1876/1876
f 1874/1874 1876/1876 1877/1877
f 1876/1876 1878/1878 1877/1877
f 1877/1877 1878/1878 1879/1879
f 1880/1880 1881/1881 1882/1882
f 1881/1881 1883/1883 1882/1882
f 1882/1882 1883/1883 1884/1884
f 1882/1882 1884/1884 1885/1885
f 1884/1884 1886/1886 1885/1885
f 1885/1885 1886/1886 1887/1887
f 1885/1885 1887/1887 1888/1888
f 1887/1887 1889/1889 1888/1888
f 1887/1887 1890/1890 1889/1889
f 1890/1890 1891/1891 1889/1889
f 1890/1890 1892/1892 1891/1891
f 1892/1892 1893/1893 1891/1891
f 1892/1892 1894/1894 1893/1893
f 1894/1894 1895/1895 1893/1893
f 1893/1893 1895/1895 1896/1896
f 1895/1895 1897/1897 1896/1896
f 1896/1896 1897/1897 1898/1898
f 1897/1897 1899/1899 1898/1898
f 1898/1898 1899/1899 1900/1900
f 1899/1899 1901/1901 1900/1900
f 1900/1900 1901/1901 1902/1902
f 1901/1901 1903/1903 1902/1902
f 1902/1902 1903/1903 1904/1904
f 1903/1903 1905/1905 1904/1904
f 1904/1904 1905/1905 1906/1906
f 1905/1905 1907/1907 1906/1906
f 1906/1906 1907/1907 1908/1908
f 1907/1907 1909/1909 1908/1908
f 1908/1908 1909/1909 1910/1910
f 1909/1909 1911/1911 1910/1910
f 1910/1910 1911/1911 1912/1912
f 1911/1911 1913/1913 1912/1912
f 1912/1912 1913/1913 1914/1914
f 1913/1913 1915/1915 1914/1914
f 1914/1914 1915/1915 1916/1916
f 1915/1915 1917/1917 1916/1916
f 1916/1916 1917/1917 1918/1918
f 1917/1917 1919/1919 1918/1918
f 1918/1918 1919/1919 1920/1920
f 1919/1919 1921/1921 1920/1920
f 1919/1919 1922/1922 1921/1921
f 1922/1922 1923/1923 1921/1921
f 1921/1921 1923/1923 1924/1924
f 1923/1923 1925/1925 1924/1924
f 1924/1924 1925/1925 1926/1926
f 1925/1925 1927/1927 1926/1926
f 1926/1926 1927/1927 1928/1928
f 1927/1927 1929/1929 1928/1928
f 1928/1928 1929/1929 1930/1930
f 1929/1929 1931/1931 1930/1930
f 1930/1930 1931/1931 1932/1932
f 1931/1931 1933/1933 1932/1932
f 1932/1932 1933/1933 1934/1934
f 1933/1933 1935/1935 1934/1934
f 1934/1934 1935/1935 1936/1936
f 1935/1935 1937/1937 1936/1936
f 1936/1936 1937/1937 1938/1938
f 1937/1937 1939/1939 1938/1938
f 1937/1937 1940/1940 1939/1939
f 1940/1940 1941/1941 1939/1939
f 1939/1939 1941/1941 1942/1942
f 1941/1941 1943/1943 1942/1942
f 1941/1941 1944/1944 1943/1943
f 1944/1944 1945/1945 1943/1943
f 1943/1943 1945/1945 1946/1946
f 1945/1945 1947/1947 1946/1946
f 1945/1945 1948/1948 1947/1947
f 1948/1948 1949/1949 1947/1947
f 1947/1947 1949/1949 1950/1950
f 1949/1949 1951/1951 1950/1950
f 1950/1950 1951/1951 1952/1952
f 1951/1951 1953/1953 1952/1952
f 1952/1952 1953/1953 1954/1954
f 1953/1953 1955/1955 1954/1954
f 1954/1954 1955/1955 1956/1956
f 1955/1955 1957/1957 1956/1956
f 1956/1956 1957/1957 1958/1958
f 1959/1959 1960/1960 1961/1961
f 1960/1960 1962/1962 1961/1961
f 1960/1960 1963/1963 1962/1962
f 1963/1963 1964/1964 1962/1962
f 1963/1963 1965/1965 1964/1964
f 1965/1965 1966/1966 1964/1964
f 1965/1965 1967/1967 1966/1966
f 1967/1967 1968/1968 1966/1966
f 1968/1968 1967/1967 1969/1969
f 1967/1967 1970/1970 1969/1969
f 1969/1969 1970/1970 1971/1971
f 1969/1969 1971/1971 1972/1972
f 1971/1971 1973/1973 1972/1972
f 1971/1971 1974/1974 1973/1973
f 1974/1974 1975/1975 1973/1973
f 1973/1973 1975/1975 1976/1976
f 1975/1975 1977/1977 1976/1976
f 1975/1975 1978/1978 1977/1977
f 1978/1978 1979/1979 1977/1977
f 1977/1977 1979/1979 1980/1980
f 1979/1979 1981/1981 1980/1980
f 1980/1980 1981/1981 1982/1982
f 1981/1981 1983/1983 1982/1982
f 1982/1982 1983/1983 1984/1984
f 1983/1983 1985/1985 1984/1984
f 1984/1984 1985/1985 1986/1986
f 1985/1985 1987/1987 1986/1986
f 1986/1986 1987/1987 1988/1988
f 1987/1987 1989/1989 1988/1988
f 1988/1988 1989/1989 1990/1990
f 1989/1989 1991/1991 1990/1990
f 1990/1990 1991/1991 1992/1992
f 1991/1991 1993/1993 1992/1992
f 1992/1992 1993/1993 1994/1994
f 1993/1993 1995/1995 1994/1994
f 1994/1994 1995/1995 1996/1996
f 1995/1995 1997/1997 1996/1996
f 1995/1995 1998/1998 1997/1997
f 1998/1998 1999/1999 1997/1997
f 1997/1997 1999/1999 2000/2000
f 1999/1999 2001/2001 2000/2000
f 2000/2000 2001/2001 2002/2002
f 2001/2001 2003/2003 2002/2002
f 2002/2002 2003/2003 2004/2004
f 2003/2003 2005/2005 2004/2004
f 2004/2004 2005/2005 2006/2006
f 2005/2005 2007/2007 2006/2006
f 2006/2006 2007/2007 2008/2008
f 2007/2007 2009/2009 2008/2008
f 2008/2008 2009/2009 2010/2010
f 2009/2009 2011/2011 2010/2010
f 2010/2010 2011/2011 2012/2012
f 2011/2011 2013/2013 2012/2012
f 2012/2012 2013/2013 2014/2014
f 2013/2013 2015/2015 2014/2014
f 2014/2014 2015/2015 2016/2016
f 2015/2015 2017/2017 2016/2016
f 2016/2016 2017/2017 2018/2018
f 2017/2017 2019/2019 2018/2018
f 2018/2018 2019/2019 2020/2020
f 2019/2019 2021/2021 2020/2020
f 2020/2020 2021/2021 2022/2022
f 2021/2021 2023/2023 2022/2022
f 2022/2022 2023/2023 2024/2024
f 2023/2023 2025/2025 2024/2024
f 2023/2023 2026/2026 2025/2025
f 2026/2026 2027/2027 2025/2025
f 2026/2026 2028/2028 2027/2027
f 2028/2028 2029/2029 2027/2027
f 2028/2028 2030/2030 2029/2029
f 2030/2030 2031/2031 2029/2029
f 2029/2029 2031/2031 2032/2032
f 2031/2031 2033/2033 2032/2032
f 2031/2031 2034/2034 2033/2033
f 2034/2034 2035/2035 2033/2033
f 2036/2036 2037/2037 2038/2038
f 2037/2037 2039/2039 2038/2038
f 2039/2039 2037/2037 2040/2040
f 2037/2037 2041/2041 2040/2040
f 2040/2040 2041/2041 2042/2042
f 2040/2040 2042/2042 2043/2043
f 2042/2042 2044/2044 2043/2043
f 2043/2043 2044/2044 2045/2045
f 2044/2044 2046/2046 2045/2045
f 2044/2044 2047/2047 2046/2046
f 2047/2047 2048/2048 2046/2046
f 2047/2047 2049/2049 2048/2048
f 2049/2049 2050/2050 2048/2048
f 2049/2049 2051/2051 2050/2050
f 2051/2051 2052/2052 2050/2050
f 2050/2050 2052/2052 2053/2053
f 2052/2052 2054/2054 2053/2053
f 2053/2053 2054/2054 2055/2055
f 2054/2054 2056/2056 2055/2055
f 2055/2055 2056/2056 2057/2057
f 2056/2056 2058/2058 2057/2057
f 2057/2057 2058/2058 2059/2059
f 747/747 746/746 2060/2060
f 746/746 2061/2061 2060/2060
f 2060/2060 2061/2061 1837/1837
f 730/730 2062/2062 731/731
f 2062/2062 2063/2063 731/731
f 2063/2063 2062/2062 568/568
f 2062/2062 569/569 568/568
f 2064/2064 2065/2065 2066/2066
f 2065/2065 2067/2067 2066/2066
f 2065/2065 2068/2068 2067/2067
f 2068/2068 2069/2069 2067/2067
f 2068/2068 2070/2070 2069/2069
f 2070/2070 2071/2071 2069/2069
f 2070/2070 2072/2072 2071/2071
f 2072/2072 2073/2073 2071/2071
f 2072/2072 2074/2074 2073/2073
f 2074/2074 2075/2075 2073/2073
f 2074/2074 2076/2076 2075/2075
f 2076/2076 2077/2077 2075/2075
f 2076/2076 2078/2078 2077/2077
f 2078/2078 2079/2079 2077/2077
f 2078/2078 2080/2080 2079/2079
f 2080/2080 2081/2081 2079/2079
f 2080/2080 2082/2082 2081/2081
f 2082/2082 2083/2083 2081/2081
f 2082/2082 2084/2084 2083/2083
f 2084/2084 2085/2085 2083/2083
f 2084/2084 2086/2086 2085/2085
f 2086/2086 2087/2087 2085/2085
f 2086/2086 2088/2088 2087/2087
f 2088/2088 2089/2089 2087/2087
f 2088/2088 2090/2090 2089/2089
f 2090/2090 2091/2091 2089/2089
f 2090/2090 2092/2092 2091/2091
f 2092/2092 2093/2093 2091/2091
f 2092/2092 2094/2094 2093/2093
f 2094/2094 2095/2095 2093/2093
f 2094/2094 2096/2096 2095/2095
f 2096/2096 2097/2097 2095/2095
f 2096/2096 2098/2098 2097/2097
f 2098/2098 2099/2099 2097/2097
f 2098/2098 2100/2100 2099/2099
f 2100/2100 2101/2101 2099/2099
f 2100/2100 2102/2102 2101/2101
f 2102/2102 2103/2103 2101/2101
f 2102/2102 2104/2104 2103/2103
f 2104/2104 2105/2105 2103/2103
f 2104/2104 2106/2106 2105/2105
f 2106/2106 2107/2107 2105/2105
f 2106/2106 2108/2108 2107/2107
f 2108/2108 2109/2109 2107/2107
f 2108/2108 2110/2110 2109/2109
f 2110/2110 2111/2111 2109/2109
f 2110/2110 2112/2112 2111/2111
f 2112/2112 2113/2113 2111/2111
f 2112/2112 2114/2114 2113/2113
f 2114/2114 2115/2115 2113/2113
f 2114/2114 2116/2116 2115/2115
f 2116/2116 2117/2117 2115/2115
f 2116/2116 2118/2118 2117/2117
f 2118/2118 2119/2119 2117/2117
f 2118/2118 2120/2120 2119/2119
f 2120/2120 2121/2121 2119/2119
f 2120/2120 2122/2122 2121/2121
f 2122/2122 2123/2123 2121/2121
f 2122/2122 2124/2124 2123/2123
f 2124/2124 2125/2125 2123/2123
f 2124/2124 2126/2126 2125/2125
f 2126/2126 2127/2127 2125/2125
f 2126/2126 2128/2128 2127/2127
f 2128/2128 2129/2129 2127/2127
f 2128/2128 2130/2130 2129/2129
f 2130/2130 2131/2131 2129/2129
f 2130/2130 2132/2132 2131/2131
f 2132/2132 2133/2133 2131/2131
f 2132/2132 2134/2134 2133/2133
f 2134/2134 2135/2135 2133/2133
f 2134/2134 2136/2136 2135/2135
f 2136/2136 2137/2137 2135/2135
f 2136/2136 2138/2138 2137/2137
f 2138/2138 2139/2139 2137/2137
f 2138/2138 2140/2140 2139/2139
f 2140/2140 2141/2141 2139/2139
f 2140/2140 2142/2142 2141/2141
f 2142/2142 2143/2143 2141/2141
f 2142/2142 2144/2144 2143/2143
f 2144/2144 2145/2145 2143/2143
f 2144/2144 2146/2146 2145/2145
f 2146/2146 2147/2147 2145/2145
f 2146/2146 2148/2148 2147/2147
f 2148/2148 2149/2149 2147/2147
f 2148/2148 2150/2150 2149/2149
f 2150/2150 2151/2151 2149/2149
f 2150/2150 2152/2152 2151/2151
f 2152/2152 2153/2153 2151/2151
f 2152/2152 2154/2154 2153/2153
f 2154/2154 2155/2155 2153/2153
f 2154/2154 2156/2156 2155/2155
f 2156/2156 2157/2157 2155/2155
f 2158/2158 2159/2159 2160/2160
f 2159/2159 2161/2161 2160/2160
f 2160/2160 2161/2161 2162/2162
f 2161/2161 2163/2163 2162/2162
f 2159/2159 2164/2164 2161/2161
f 2164/2164 2165/2165 2161/2161
f 2161/2161 2165/2165 2166/2166
f 2165/2165 2167/2167 2166/2166
f 2166/2166 2167/2167 2168/2168
f 2167/2167 2169/2169 2168/2168
f 2168/2168 2169/2169 2170/2170
f 2169/2169 2171/2171 2170/2170
f 2170/2170 2171/2171 2172/2172
f 2171/2171 2173/2173 2172/2172
f 2172/2172 2173/2173 2174/2174
f 2173/2173 2175/2175 2174/2174
f 2174/2174 2175/2175 2176/2176
f 2175/2175 2177/2177 2176/2176
f 2175/2175 2173/2173 2178/2178
f 2173/2173 2171/2171 2178/2178
f 2178/2178 2171/2171 2179/2179
f 2171/2171 2169/2169 2179/2179
f 2179/2179 2169/2169 2180/2180
f 2169/2169 2167/2167 2180/2180
f 2180/2180 2167/2167 2181/2181
f 2167/2167 2165/2165 2181/2181
f 2181/2181 2165/2165 2164/2164
f 2178/2178 2182/2182 2175/2175
f 2182/2182 2183/2183 2175/2175
f 2175/2175 2183/2183 2184/2184
f 2183/2183 2185/2185 2184/2184
f 2184/2184 2185/2185 2186/2186
f 2185/2185 2187/2187 2186/2186
f 2186/2186 2187/2187 2188/2188
f 2187/2187 2189/2189 2188/2188
f 2188/2188 2189/2189 2190/2190
f 2189/2189 2191/2191 2190/2190
f 2175/2175 2184/2184 2177/2177
f 2184/2184 2186/2186 2177/2177
f 2177/2177 2186/2186 2192/2192
f 2186/2186 2188/2188 2192/2192
f 2192/2192 2188/2188 2190/2190
f 2193/2193 2194/2194 2195/2195
f 2194/2194 2196/2196 2195/2195
f 2194/2194 2197/2197 2196/2196
f 2197/2197 2198/2198 2196/2196
f 2197/2197 2199/2199 2198/2198
f 2199/2199 2200/2200 2198/2198
f 2199/2199 2201/2201 2200/2200
f 2201/2201 2202/2202 2200/2200
f 2201/2201 2203/2203 2202/2202
f 2203/2203 2204/2204 2202/2202
f 2204/2204 2203/2203 2205/2205
f 2203/2203 2206/2206 2205/2205
f 2205/2205 2206/2206 2207/2207
f 2205/2205 2207/2207 2208/2208
f 2207/2207 2209/2209 2208/2208
f 2207/2207 2210/2210 2209/2209
f 2210/2210 2211/2211 2209/2209
f 2209/2209 2211/2211 2212/2212
f 2211/2211 2213/2213 2212/2212
f 2211/2211 2214/2214 2213/2213
f 2214/2214 2215/2215 2213/2213
f 2213/2213 2215/2215 2216/2216
f 2215/2215 2217/2217 2216/2216
f 2216/2216 2217/2217 2218/2218
f 2217/2217 2219/2219 2218/2218
f 2218/2218 2219/2219 2220/2220
f 2219/2219 2221/2221 2220/2220
f 2220/2220 2221/2221 2222/2222
f 2221/2221 2223/2223 2222/2222
f 2222/2222 2223/2223 2224/2224
f 2223/2223 2225/2225 2224/2224
f 2224/2224 2225/2225 2226/2226
f 2225/2225 2227/2227 2226/2226
f 2226/2226 2227/2227 2228/2228
f 2227/2227 2229/2229 2228/2228
f 2228/2228 2229/2229 2230/2230
f 2229/2229 2231/2231 2230/2230
f 2230/2230 2231/2231 2232/2232
f 2231/2231 2233/2233 2232/2232
f 2232/2232 2233/2233 2234/2234
f 2233/2233 2235/2235 2234/2234
f 2234/2234 2235/2235 2236/2236
f 2235/2235 2237/2237 2236/2236
f 2236/2236 2237/2237 2238/2238
f 2237/2237 2239/2239 2238/2238
f 2238/2238 2239/2239 2240/2240
f 2239/2239 2241/2241 2240/2240
f 2240/2240 2241/2241 2242/2242
f 2241/2241 2243/2243 2242/2242
f 2242/2242 2243/2243 2244/2244
f 2243/2243 2245/2245 2244/2244
f 2244/2244 2245/2245 2246/2246
f 2245/2245 2247/2247 2246/2246
f 2246/2246 2247/2247 2248/2248
f 2247/2247 2249/2249 2248/2248
f 2248/2248 2249/2249 2250/2250
f 2249/2249 2251/2251 2250/2250
f 2250/2250 2251/2251 2252/2252
f 2251/2251 2253/2253 2252/2252
f 2252/2252 2253/2253 2254/2254
f 2253/2253 2255/2255 2254/2254
f 2254/2254 2255/2255 2256/2256
f 2255/2255 2257/2257 2256/2256
f 2256/2256 2257/2257 2258/2258
f 2257/2257 2259/2259 2258/2258
f 2258/2258 2259/2259 2260/2260
f 2259/2259 2261/2261 2260/2260
f 2260/2260 2261/2261 2262/2262
f 2261/2261 2263/2263 2262/2262
f 2262/2262 2263/2263 2264/2264
f 2263/2263 2265/2265 2264/2264
f 2263/2263 2266/2266 2265/2265
f 2266/2266 2267/2267 2265/2265
f 2265/2265 2267/2267 2268/2268
f 2267/2267 2269/2269 2268/2268
f 2267/2267 2270/2270 2269/2269
f 2270/2270 2271/2271 2269/2269
f 2191/2191 2189/2189 2272/2272
f 2189/2189 2273/2273 2272/2272
f 2272/2272 2273/2273 2274/2274
f 2273/2273 2275/2275 2274/2274
f 2274/2274 2275/2275 2276/2276
f 2275/2275 2273/2273 2277/2277
f 2273/2273 2189/2189 2277/2277
f 2277/2277 2189/2189 2278/2278
f 2189/2189 2187/2187 2278/2278
f 2272/2272 2274/2274 2279/2279
f 2274/2274 2280/2280 2279/2279
f 2279/2279 2280/2280 2281/2281
f 2280/2280 2282/2282 2281/2281
f 2281/2281 2282/2282 2283/2283
f 2282/2282 2284/2284 2283/2283
f 2283/2283 2284/2284 2285/2285
f 2284/2284 2286/2286 2285/2285
f 2285/2285 2286/2286 2287/2287
f 2286/2286 2288/2288 2287/2287
f 2287/2287 2288/2288 2289/2289
f 2288/2288 2290/2290 2289/2289
f 2289/2289 2290/2290 2291/2291
f 2290/2290 2292/2292 2291/2291
f 2274/2274 2276/2276 2280/2280
f 2276/2276 2293/2293 2280/2280
f 2280/2280 2293/2293 2282/2282
f 2293/2293 2294/2294 2282/2282
f 2282/2282 2294/2294 2284/2284
f 2294/2294 2295/2295 2284/2284
f 2284/2284 2295/2295 2286/2286
f 2295/2295 2296/2296 2286/2286
f 2286/2286 2296/2296 2288/2288
f 2296/2296 2297/2297 2288/2288
f 2288/2288 2297/2297 2290/2290
f 2297/2297 2298/2298 2290/2290
f 2290/2290 2298/2298 2299/2299
f 2298/2298 2300/2300 2299/2299
f 2299/2299 2300/2300 2301/2301
f 2300/2300 2302/2302 2301/2301
f 2301/2301 2302/2302 2303/2303
f 2302/2302 2304/2304 2303/2303
f 2303/2303 2304/2304 2305/2305
f 2304/2304 2306/2306 2305/2305
f 2305/2305 2306/2306 2307/2307
f 2306/2306 2308/2308 2307/2307
f 2307/2307 2308/2308 2309/2309
f 2308/2308 2310/2310 2309/2309
f 2309/2309 2310/2310 2311/2311
f 2310/2310 2312/2312 2311/2311
f 2311/2311 2312/2312 2313/2313
f 2312/2312 2314/2314 2313/2313
f 2290/2290 2299/2299 2292/2292
f 2299/2299 2301/2301 2292/2292
f 2292/2292 2301/2301 2315/2315
f 2301/2301 2303/2303 2315/2315
f 2315/2315 2303/2303 2316/2316
f 2303/2303 2305/2305 2316/2316
f 2316/2316 2305/2305 2317/2317
f 2305/2305 2307/2307 2317/2317
f 2317/2317 2307/2307 2318/2318
f 2307/2307 2309/2309 2318/2318
f 2318/2318 2309/2309 2319/2319
f 2309/2309 2311/2311 2319/2319
f 2319/2319 2311/2311 2313/2313
f 1424/1424 1790/1790 1426/1426
f 1790/1790 1791/1791 1426/1426
f 2314/2314 2312/2312 2320/2320
f 2312/2312 2321/2321 2320/2320
f 2320/2320 2321/2321 2322/2322
f 2321/2321 2323/2323 2322/2322
f 2322/2322 2323/2323 2324/2324
f 2323/2323 2321/2321 2325/2325
f 2321/2321 2312/2312 2325/2325
f 2325/2325 2312/2312 2326/2326
f 2312/2312 2310/2310 2326/2326
f 2320/2320 2322/2322 2327/2327
f 2322/2322 2328/2328 2327/2327
f 2327/2327 2328/2328 2329/2329
f 2328/2328 2330/2330 2329/2329
f 2329/2329 2330/2330 2331/2331
f 2330/2330 2332/2332 2331/2331
f 2322/2322 2324/2324 2328/2328
f 2324/2324 2330/2330 2328/2328
f 2324/2324 2333/2333 2330/2330
f 2333/2333 2334/2334 2330/2330
f 2330/2330 2334/2334 2335/2335
f 2334/2334 2336/2336 2335/2335
f 2335/2335 2336/2336 2337/2337
f 2336/2336 2338/2338 2337/2337
f 2337/2337 2338/2338 2339/2339
f 2338/2338 2340/2340 2339/2339
f 2339/2339 2340/2340 2341/2341
f 2340/2340 2342/2342 2341/2341
f 2341/2341 2342/2342 2343/2343
f 2342/2342 2344/2344 2343/2343
f 2343/2343 2344/2344 2345/2345
f 2344/2344 2346/2346 2345/2345
f 2345/2345 2346/2346 2347/2347
f 2346/2346 2348/2348 2347/2347
f 2347/2347 2348/2348 2349/2349
f 2348/2348 2350/2350 2349/2349
f 2330/2330 2335/2335 2332/2332
f 2335/2335 2337/2337 2332/2332
f 2332/2332 2337/2337 2351/2351
f 2337/2337 2339/2339 2351/2351
f 2351/2351 2339/2339 2352/2352
f 2339/2339 2341/2341 2352/2352
f 2352/2352 2341/2341 2353/2353
f 2341/2341 2343/2343 2353/2353
f 2353/2353 2343/2343 2354/2354
f 2343/2343 2345/2345 2354/2354
f 2354/2354 2345/2345 2355/2355
f 2345/2345 2347/2347 2355/2355
f 2355/2355 2347/2347 2349/2349
f 2356/2356 2357/2357 2358/2358
f 2357/2357 2359/2359 2358/2358
f 2358/2358 2359/2359 2360/2360
f 2358/2358 2360/2360 2361/2361
f 2360/2360 2362/2362 2361/2361
f 2361/2361 2362/2362 2363/2363
f 2362/2362 2364/2364 2363/2363
f 2363/2363 2364/2364 2365/2365
f 2364/2364 2366/2366 2365/2365
f 2365/2365 2366/2366 2367/2367
f 2361/2361 2363/2363 2368/2368
f 2363/2363 2365/2365 2368/2368
f 2368/2368 2365/2365 2369/2369
f 2365/2365 2370/2370 2369/2369
f 2369/2369 2370/2370 2371/2371
f 2370/2370 2372/2372 2371/2371
f 2371/2371 2372/2372 2373/2373
f 2372/2372 2374/2374 2373/2373
f 2373/2373 2374/2374 2375/2375
f 2374/2374 2376/2376 2375/2375
f 1788/1788 1423/1423 1789/1789
f 1423/1423 1425/1425 1789/1789
f 2377/2377 2378/2378 2379/2379
f 2378/2378 2380/2380 2379/2379
f 2379/2379 2380/2380 2381/2381
f 2380/2380 2382/2382 2381/2381
f 2381/2381 2382/2382 2383/2383
f 2381/2381 2383/2383 2384/2384
f 2383/2383 2385/2385 2384/2384
f 2384/2384 2385/2385 2386/2386
f 2385/2385 2387/2387 2386/2386
f 2386/2386 2387/2387 2388/2388
f 2386/2386 2388/2388 2389/2389
f 2388/2388 2390/2390 2389/2389
f 2389/2389 2390/2390 2391/2391
f 2362/2362 2392/2392 2364/2364
f 2392/2392 2366/2366 2364/2364
f 2392/2392 2393/2393 2366/2366
f 2393/2393 2394/2394 2366/2366
f 2393/2393 2395/2395 2394/2394
f 2395/2395 2396/2396 2394/2394
f 2395/2395 2397/2397 2396/2396
f 2397/2397 2398/2398 2396/2396
f 2399/2399 2400/2400 2401/2401
f 2400/2400 2350/2350 2401/2401
f 2350/2350 2400/2400 2349/2349
f 2400/2400 2402/2402 2349/2349
f 2349/2349 2402/2402 2355/2355
f 2402/2402 2403/2403 2355/2355
f 2355/2355 2403/2403 2354/2354
f 2403/2403 2404/2404 2354/2354
f 2354/2354 2404/2404 2353/2353
f 2404/2404 2405/2405 2353/2353
f 2353/2353 2405/2405 2352/2352
f 2405/2405 2406/2406 2352/2352
f 2352/2352 2406/2406 2351/2351
f 2406/2406 2407/2407 2351/2351
f 2351/2351 2407/2407 2332/2332
f 2407/2407 2408/2408 2332/2332
f 2332/2332 2408/2408 2331/2331
f 2408/2408 2409/2409 2331/2331
f 2331/2331 2409/2409 2329/2329
f 2409/2409 2410/2410 2329/2329
f 2329/2329 2410/2410 2327/2327
f 2410/2410 2411/2411 2327/2327
f 2327/2327 2411/2411 2320/2320
f 2411/2411 2412/2412 2320/2320
f 2320/2320 2412/2412 2314/2314
f 2412/2412 2413/2413 2314/2314
f 2314/2314 2413/2413 2313/2313
f 2413/2413 2414/2414 2313/2313
f 2313/2313 2414/2414 2415/2415
f 2313/2313 2415/2415 2319/2319
f 2415/2415 2318/2318 2319/2319
f 2415/2415 2416/2416 2318/2318
f 2416/2416 2317/2317 2318/2318
f 2416/2416 2417/2417 2317/2317
f 2417/2417 2316/2316 2317/2317
f 2417/2417 2418/2418 2316/2316
f 2418/2418 2315/2315 2316/2316
f 2418/2418 2419/2419 2315/2315
f 2419/2419 2292/2292 2315/2315
f 2419/2419 2420/2420 2292/2292
f 2420/2420 2291/2291 2292/2292
f 2420/2420 2421/2421 2291/2291
f 2421/2421 2289/2289 2291/2291
f 2421/2421 2422/2422 2289/2289
f 2422/2422 2287/2287 2289/2289
f 2422/2422 2423/2423 2287/2287
f 2423/2423 2285/2285 2287/2287
f 2423/2423 2424/2424 2285/2285
f 2424/2424 2425/2425 2285/2285
f 2285/2285 2425/2425 2283/2283
f 2425/2425 2281/2281 2283/2283
f 2425/2425 2426/2426 2281/2281
f 2426/2426 2427/2427 2281/2281
f 2281/2281 2427/2427 2279/2279
f 2427/2427 2272/2272 2279/2279
f 2427/2427 2428/2428 2272/2272
f 2428/2428 2191/2191 2272/2272
f 2428/2428 2429/2429 2191/2191
f 2429/2429 2190/2190 2191/2191
f 2429/2429 2430/2430 2190/2190
f 2430/2430 2192/2192 2190/2190
f 2430/2430 2431/2431 2192/2192
f 2431/2431 2177/2177 2192/2192
f 2431/2431 2432/2432 2177/2177
f 2432/2432 2176/2176 2177/2177
f 2432/2432 2433/2433 2176/2176
f 2433/2433 2174/2174 2176/2176
f 2433/2433 2434/2434 2174/2174
f 2434/2434 2435/2435 2174/2174
f 2174/2174 2435/2435 2172/2172
f 2435/2435 2170/2170 2172/2172
f 2435/2435 2436/2436 2170/2170
f 2436/2436 2437/2437 2170/2170
f 2170/2170 2437/2437 2168/2168
f 2437/2437 2438/2438 2168/2168
f 2168/2168 2438/2438 2166/2166
f 2438/2438 2439/2439 2166/2166
f 2166/2166 2439/2439 2163/2163
f 2439/2439 2440/2440 2163/2163
f 2163/2163 2440/2440 2162/2162
f 2441/2441 2442/2442 2443/2443
f 2442/2442 2444/2444 2443/2443
f 2443/2443 2444/2444 2445/2445
f 2443/2443 2445/2445 2446/2446
f 2445/2445 2447/2447 2446/2446
f 2446/2446 2447/2447 2448/2448
f 2449/2449 2450/2450 2451/2451
f 2450/2450 2452/2452 2451/2451
f 2450/2450 2453/2453 2452/2452
f 2453/2453 2454/2454 2452/2452
f 2454/2454 2453/2453 2455/2455
f 2453/2453 2456/2456 2455/2455
f 2455/2455 2456/2456 2457/2457
f 2455/2455 2457/2457 2458/2458
f 2457/2457 2459/2459 2458/2458
f 2457/2457 2460/2460 2459/2459
f 2460/2460 2461/2461 2459/2459
f 2459/2459 2461/2461 2462/2462
f 2461/2461 2463/2463 2462/2462
f 2462/2462 2463/2463 2464/2464
f 2463/2463 2465/2465 2464/2464
f 2464/2464 2465/2465 2466/2466
f 2465/2465 2467/2467 2466/2466
f 2466/2466 2467/2467 2468/2468
f 2467/2467 2469/2469 2468/2468
f 2468/2468 2469/2469 2470/2470
f 2469/2469 2471/2471 2470/2470
f 2470/2470 2471/2471 2472/2472
f 2471/2471 2473/2473 2472/2472
f 2472/2472 2473/2473 2474/2474
f 2473/2473 2475/2475 2474/2474
f 2473/2473 2476/2476 2475/2475
f 2476/2476 2477/2477 2475/2475
f 2475/2475 2477/2477 2478/2478
f 2477/2477 2479/2479 2478/2478
f 2477/2477 2480/2480 2479/2479
f 2480/2480 2481/2481 2479/2479
f 2479/2479 2481/2481 2482/2482
f 2481/2481 2483/2483 2482/2482
f 2482/2482 2483/2483 2484/2484
f 2483/2483 2485/2485 2484/2484
f 2484/2484 2485/2485 2486/2486
f 2485/2485 2487/2487 2486/2486
f 2486/2486 2487/2487 2488/2488
f 2487/2487 2489/2489 2488/2488
f 2488/2488 2489/2489 2490/2490
f 2491/2491 2492/2492 2493/2493
f 2492/2492 2494/2494 2493/2493
f 2492/2492 2495/2495 2494/2494
f 2495/2495 2496/2496 2494/2494
f 2494/2494 2496/2496 2497/2497
f 2496/2496 2498/2498 2497/2497
f 2498/2498 2496/2496 2499/2499
f 2496/2496 2500/2500 2499/2499
f 2499/2499 2500/2500 2501/2501
f 2499/2499 2501/2501 2502/2502
f 2501/2501 2503/2503 2502/2502
f 2501/2501 2504/2504 2503/2503
f 2504/2504 2505/2505 2503/2503
f 2503/2503 2505/2505 2506/2506
f 2505/2505 2507/2507 2506/2506
f 2505/2505 2508/2508 2507/2507
f 2508/2508 2509/2509 2507/2507
f 2507/2507 2509/2509 2510/2510
f 2509/2509 2511/2511 2510/2510
f 2509/2509 2512/2512 2511/2511
f 2512/2512 2513/2513 2511/2511
f 2511/2511 2513/2513 2514/2514
f 2513/2513 2515/2515 2514/2514
f 2513/2513 2516/2516 2515/2515
f 2516/2516 2517/2517 2515/2515
f 2515/2515 2517/2517 2518/2518
f 2517/2517 2519/2519 2518/2518
f 2517/2517 2520/2520 2519/2519
f 2520/2520 2521/2521 2519/2519
f 2520/2520 2522/2522 2521/2521
f 2522/2522 2523/2523 2521/2521
f 2524/2524 2525/2525 2526/2526
f 2525/2525 2527/2527 2526/2526
f 2525/2525 2528/2528 2527/2527
f 2528/2528 2529/2529 2527/2527
f 2529/2529 2528/2528 2530/2530
f 2528/2528 2531/2531 2530/2530
f 2530/2530 2531/2531 2532/2532
f 2531/2531 2533/2533 2532/2532
f 2532/2532 2533/2533 2534/2534
f 2533/2533 2535/2535 2534/2534
f 2534/2534 2535/2535 2536/2536
f 2535/2535 2537/2537 2536/2536
f 2536/2536 2537/2537 2538/2538
f 2537/2537 2539/2539 2538/2538
f 2538/2538 2539/2539 2540/2540
f 2539/2539 2541/2541 2540/2540
f 2540/2540 2541/2541 2542/2542
f 2541/2541 2543/2543 2542/2542
f 2542/2542 2543/2543 2544/2544
f 2543/2543 2545/2545 2544/2544
f 2544/2544 2545/2545 2546/2546
f 2544/2544 2546/2546 2547/2547
f 2546/2546 2548/2548 2547/2547
f 2547/2547 2548/2548 2549/2549
f 2548/2548 2550/2550 2549/2549
f 2549/2549 2550/2550 2551/2551
f 2550/2550 2552/2552 2551/2551
f 2551/2551 2552/2552 2553/2553
f 2552/2552 2554/2554 2553/2553
f 2553/2553 2554/2554 2555/2555
f 2554/2554 2556/2556 2555/2555
f 2555/2555 2556/2556 2557/2557
f 2556/2556 2558/2558 2557/2557
f 2557/2557 2558/2558 2559/2559
f 2558/2558 2560/2560 2559/2559
f 2559/2559 2560/2560 2561/2561
f 2560/2560 2562/2562 2561/2561
f 2561/2561 2562/2562 2563/2563
f 2562/2562 2564/2564 2563/2563
f 2563/2563 2564/2564 2565/2565
f 2564/2564 2566/2566 2565/2565
f 2565/2565 2566/2566 2567/2567
f 2566/2566 2568/2568 2567/2567
f 2567/2567 2568/2568 2569/2569
f 2568/2568 2570/2570 2569/2569
f 2568/2568 2571/2571 2570/2570
f 2571/2571 2572/2572 2570/2570
f 2571/2571 2573/2573 2572/2572
f 2573/2573 2574/2574 2572/2572
f 2573/2573 2575/2575 2574/2574
f 2575/2575 2576/2576 2574/2574
f 2574/2574 2576/2576 2577/2577
f 2576/2576 2578/2578 2577/2577
f 2577/2577 2578/2578 2579/2579
f 2578/2578 2580/2580 2579/2579
f 2579/2579 2580/2580 2581/2581
f 2580/2580 2582/2582 2581/2581
f 2581/2581 2582/2582 2583/2583
f 2582/2582 2584/2584 2583/2583
f 2583/2583 2584/2584 2585/2585
f 2584/2584 2586/2586 2585/2585
f 2585/2585 2586/2586 2587/2587
f 2586/2586 2588/2588 2587/2587
f 2587/2587 2588/2588 2589/2589
f 2588/2588 2590/2590 2589/2589
f 2589/2589 2590/2590 2591/2591
f 2590/2590 2592/2592 2591/2591
f 2591/2591 2592/2592 2593/2593
f 2592/2592 2594/2594 2593/2593
f 2593/2593 2594/2594 2595/2595
f 2594/2594 2596/2596 2595/2595
f 2595/2595 2596/2596 2597/2597
f 2596/2596 2598/2598 2597/2597
f 2597/2597 2598/2598 2599/2599
f 2598/2598 2600/2600 2599/2599
f 2599/2599 2600/2600 2601/2601
f 2600/2600 2602/2602 2601/2601
f 2600/2600 2603/2603 2602/2602
f 2603/2603 2604/2604 2602/2602
f 2602/2602 2604/2604 2605/2605
f 2606/2606 2607/2607 2608/2608
f 2607/2607 2609/2609 2608/2608
f 2608/2608 2609/2609 2610/2610
f 2609/2609 2611/2611 2610/2610
f 2610/2610 2611/2611 2612/2612
f 2611/2611 2613/2613 2612/2612
f 2612/2612 2613/2613 2614/2614
f 2612/2612 2614/2614 2615/2615
f 2614/2614 2616/2616 2615/2615
f 2614/2614 2617/2617 2616/2616
f 2617/2617 2618/2618 2616/2616
f 2617/2617 2619/2619 2618/2618
f 2619/2619 2620/2620 2618/2618
f 2619/2619 2621/2621 2620/2620
f 2621/2621 2622/2622 2620/2620
f 2621/2621 2623/2623 2622/2622
f 2623/2623 2624/2624 2622/2622
f 2623/2623 2625/2625 2624/2624
f 2625/2625 2626/2626 2624/2624
f 2625/2625 2627/2627 2626/2626
f 2627/2627 2628/2628 2626/2626
f 2627/2627 2629/2629 2628/2628
f 2629/2629 2630/2630 2628/2628
f 2629/2629 2631/2631 2630/2630
f 2631/2631 2632/2632 2630/2630
f 2630/2630 2632/2632 2633/2633
f 2630/2630 2633/2633 2634/2634
f 2633/2633 2635/2635 2634/2634
f 2634/2634 2635/2635 2636/2636
f 2635/2635 2637/2637 2636/2636
f 2636/2636 2637/2637 2638/2638
f 2636/2636 2638/2638 2639/2639
f 2638/2638 2640/2640 2639/2639
f 2638/2638 2641/2641 2640/2640
f 2641/2641 2642/2642 2640/2640
f 2641/2641 2643/2643 2642/2642
f 2643/2643 2644/2644 2642/2642
f 2643/2643 2645/2645 2644/2644
f 2645/2645 2646/2646 2644/2644
f 2645/2645 2647/2647 2646/2646
f 2647/2647 2648/2648 2646/2646
f 2647/2647 2649/2649 2648/2648
f 2649/2649 2650/2650 2648/2648
f 2649/2649 2651/2651 2650/2650
f 2651/2651 2652/2652 2650/2650
f 2651/2651 2653/2653 2652/2652
f 2653/2653 2654/2654 2652/2652
f 2653/2653 2655/2655 2654/2654
f 2655/2655 2656/2656 2654/2654
f 2655/2655 2657/2657 2656/2656
f 2657/2657 2658/2658 2656/2656
f 2657/2657 2659/2659 2658/2658
f 2659/2659 2660/2660 2658/2658
f 2659/2659 2661/2661 2660/2660
f 2661/2661 2662/2662 2660/2660
f 2660/2660 2662/2662 2663/2663
f 2662/2662 2664/2664 2663/2663
f 2662/2662 2665/2665 2664/2664
f 2665/2665 2666/2666 2664/2664
f 2665/2665 2667/2667 2666/2666
f 2667/2667 2668/2668 2666/2666
f 2666/2666 2668/2668 2669/2669
f 2668/2668 2670/2670 2669/2669
f 2669/2669 2670/2670 2671/2671
f 2670/2670 2672/2672 2671/2671
f 2671/2671 2672/2672 2673/2673
f 2672/2672 2674/2674 2673/2673
f 2673/2673 2674/2674 2675/2675
f 2674/2674 2676/2676 2675/2675
f 2675/2675 2676/2676 2677/2677
f 2676/2676 2678/2678 2677/2677
f 2677/2677 2678/2678 2679/2679
f 2678/2678 2680/2680 2679/2679
f 2679/2679 2680/2680 2681/2681
f 2359/2359 2357/2357 2682/2682
f 2357/2357 2683/2683 2682/2682
f 2684/2684 2685/2685 2686/2686
f 2685/2685 2687/2687 2686/2686
f 2685/2685 2688/2688 2687/2687
f 2688/2688 2689/2689 2687/2687
f 2688/2688 2690/2690 2689/2689
f 2690/2690 2691/2691 2689/2689
f 2690/2690 2692/2692 2691/2691
f 2692/2692 2693/2693 2691/2691
f 2692/2692 2694/2694 2693/2693
f 2694/2694 2695/2695 2693/2693
f 2694/2694 2696/2696 2695/2695
f 2696/2696 2697/2697 2695/2695
f 2696/2696 2698/2698 2697/2697
f 2698/2698 2699/2699 2697/2697
f 2698/2698 2700/2700 2699/2699
f 2700/2700 2701/2701 2699/2699
f 2700/2700 2702/2702 2701/2701
f 2702/2702 2703/2703 2701/2701
f 2702/2702 2704/2704 2703/2703
f 2704/2704 2705/2705 2703/2703
f 2704/2704 2706/2706 2705/2705
f 2706/2706 2707/2707 2705/2705
f 2706/2706 2708/2708 2707/2707
f 2708/2708 2709/2709 2707/2707
f 2708/2708 2710/2710 2709/2709
f 2710/2710 2711/2711 2709/2709
f 2710/2710 2712/2712 2711/2711
f 2712/2712 2713/2713 2711/2711
f 2712/2712 2714/2714 2713/2713
f 2714/2714 2715/2715 2713/2713
f 2714/2714 2716/2716 2715/2715
f 2716/2716 2717/2717 2715/2715
f 2716/2716 2718/2718 2717/2717
f 2718/2718 2719/2719 2717/2717
f 2718/2718 2720/2720 2719/2719
f 2720/2720 2721/2721 2719/2719
f 2720/2720 2722/2722 2721/2721
f 2722/2722 2723/2723 2721/2721
f 2722/2722 2724/2724 2723/2723
f 2724/2724 2725/2725 2723/2723
f 2724/2724 2726/2726 2725/2725
f 2726/2726 2727/2727 2725/2725
f 2726/2726 2728/2728 2727/2727
f 2728/2728 2729/2729 2727/2727
f 2728/2728 2730/2730 2729/2729
f 2730/2730 2731/2731 2729/2729
f 2730/2730 2732/2732 2731/2731
f 2732/2732 2733/2733 2731/2731
f 2732/2732 2734/2734 2733/2733
f 2734/2734 2735/2735 2733/2733
f 2734/2734 2736/2736 2735/2735
f 2736/2736 2737/2737 2735/2735
f 2736/2736 2738/2738 2737/2737
f 2738/2738 2739/2739 2737/2737
f 2738/2738 2740/2740 2739/2739
f 2740/2740 2741/2741 2739/2739
f 2740/2740 2742/2742 2741/2741
f 2742/2742 2743/2743 2741/2741
f 2742/2742 2744/2744 2743/2743
f 2744/2744 2745/2745 2743/2743
f 2744/2744 2746/2746 2745/2745
f 2746/2746 2747/2747 2745/2745
f 2746/2746 2748/2748 2747/2747
f 2748/2748 2749/2749 2747/2747
f 2748/2748 2750/2750 2749/2749
f 2750/2750 2751/2751 2749/2749
f 2750/2750 2752/2752 2751/2751
f 2752/2752 2753/2753 2751/2751
f 2752/2752 2754/2754 2753/2753
f 2754/2754 2755/2755 2753/2753
f 2754/2754 2756/2756 2755/2755
f 2756/2756 2757/2757 2755/2755
f 2756/2756 2758/2758 2757/2757
f 2758/2758 2759/2759 2757/2757
f 2758/2758 2760/2760 2759/2759
f 2760/2760 2761/2761 2759/2759
f 2760/2760 2762/2762 2761/2761
f 2762/2762 2763/2763 2761/2761
f 2762/2762 2764/2764 2763/2763
f 2764/2764 2765/2765 2763/2763
f 2764/2764 2766/2766 2765/2765
f 2766/2766 2767/2767 2765/2765
f 2766/2766 2768/2768 2767/2767
f 2768/2768 2769/2769 2767/2767
f 2768/2768 2770/2770 2769/2769
f 2770/2770 2771/2771 2769/2769
f 2770/2770 2772/2772 2771/2771
f 2772/2772 2773/2773 2771/2771
f 2772/2772 2774/2774 2773/2773
f 2774/2774 2775/2775 2773/2773
f 2774/2774 2776/2776 2775/2775
f 2776/2776 2777/2777 2775/2775
f 2350/2350 2348/2348 2401/2401
f 2348/2348 2778/2778 2401/2401
f 2778/2778 2348/2348 2779/2779
f 2348/2348 2780/2780 2779/2779
f 2781/2781 2782/2782 2783/2783
f 2782/2782 2784/2784 2783/2783
f 2782/2782 2785/2785 2784/2784
f 2785/2785 2786/2786 2784/2784
f 2785/2785 2787/2787 2786/2786
f 2787/2787 2788/2788 2786/2786
f 2787/2787 2789/2789 2788/2788
f 2789/2789 2790/2790 2788/2788
f 2789/2789 2791/2791 2790/2790
f 2791/2791 2792/2792 2790/2790
f 2791/2791 2793/2793 2792/2792
f 2793/2793 2794/2794 2792/2792
f 2793/2793 2795/2795 2794/2794
f 2795/2795 2796/2796 2794/2794
f 2795/2795 2797/2797 2796/2796
f 2797/2797 2798/2798 2796/2796
f 2796/2796 2798/2798 2799/2799
f 2796/2796 2799/2799 2800/2800
f 2799/2799 2801/2801 2800/2800
f 2800/2800 2801/2801 2802/2802
f 2801/2801 2803/2803 2802/2802
f 2802/2802 2803/2803 2804/2804
f 2803/2803 2805/2805 2804/2804
f 2804/2804 2805/2805 2806/2806
f 2807/2807 2808/2808 2809/2809
f 2808/2808 2810/2810 2809/2809
f 2809/2809 2810/2810 2811/2811
f 2812/2812 2813/2813 2814/2814
f 2813/2813 2815/2815 2814/2814
f 2813/2813 2816/2816 2815/2815
f 2816/2816 2817/2817 2815/2815
f 2816/2816 2818/2818 2817/2817
f 2818/2818 2819/2819 2817/2817
f 2818/2818 2820/2820 2819/2819
f 2820/2820 2821/2821 2819/2819
f 2820/2820 2822/2822 2821/2821
f 2822/2822 2823/2823 2821/2821
f 2823/2823 2822/2822 2824/2824
f 2822/2822 2825/2825 2824/2824
f 2824/2824 2825/2825 2826/2826
f 2824/2824 2826/2826 2827/2827
f 2826/2826 2828/2828 2827/2827
f 2826/2826 2829/2829 2828/2828
f 2829/2829 2830/2830 2828/2828
f 2828/2828 2830/2830 2831/2831
f 2830/2830 2832/2832 2831/2831
f 2831/2831 2832/2832 2833/2833
f 2832/2832 2834/2834 2833/2833
f 2833/2833 2834/2834 2835/2835
f 2834/2834 2836/2836 2835/2835
f 2835/2835 2836/2836 2837/2837
f 2836/2836 2838/2838 2837/2837
f 2837/2837 2838/2838 2839/2839
f 2838/2838 2840/2840 2839/2839
f 2839/2839 2840/2840 2841/2841
f 2840/2840 2842/2842 2841/2841
f 2841/2841 2842/2842 2843/2843
f 2842/2842 2844/2844 2843/2843
f 2842/2842 2845/2845 2844/2844
f 2845/2845 2846/2846 2844/2844
f 2844/2844 2846/2846 2847/2847
f 2846/2846 2848/2848 2847/2847
f 2846/2846 2849/2849 2848/2848
f 2849/2849 2850/2850 2848/2848
f 2848/2848 2850/2850 2851/2851
f 2850/2850 2852/2852 2851/2851
f 2851/2851 2852/2852 2853/2853
f 2854/2854 2855/2855 2856/2856
f 2855/2855 2857/2857 2856/2856
f 2855/2855 2858/2858 2857/2857
f 2858/2858 2859/2859 2857/2857
f 2858/2858 2860/2860 2859/2859
f 2860/2860 2861/2861 2859/2859
f 2860/2860 2862/2862 2861/2861
f 2862/2862 2863/2863 2861/2861
f 2862/2862 2864/2864 2863/2863
f 2864/2864 2865/2865 2863/2863
f 2864/2864 2866/2866 2865/2865
f 2866/2866 2867/2867 2865/2865
f 2867/2867 2866/2866 2868/2868
f 2866/2866 2869/2869 2868/2868
f 2868/2868 2869/2869 2870/2870
f 2869/2869 2871/2871 2870/2870
f 2870/2870 2871/2871 2872/2872
f 2870/2870 2872/2872 2873/2873
f 2872/2872 2874/2874 2873/2873
f 2873/2873 2874/2874 2875/2875
f 2874/2874 2876/2876 2875/2875
f 2874/2874 2877/2877 2876/2876
f 2877/2877 2878/2878 2876/2876
f 2876/2876 2878/2878 2879/2879
f 2878/2878 2880/2880 2879/2879
f 2879/2879 2880/2880 2881/2881
f 2880/2880 2882/2882 2881/2881
f 2881/2881 2882/2882 2883/2883
f 2882/2882 2884/2884 2883/2883
f 2883/2883 2884/2884 2885/2885
f 2884/2884 2886/2886 2885/2885
f 2885/2885 2886/2886 2887/2887
f 2886/2886 2888/2888 2887/2887
f 2887/2887 2888/2888 2889/2889
f 2888/2888 2890/2890 2889/2889
f 2889/2889 2890/2890 2891/2891
f 2890/2890 2892/2892 2891/2891
f 2890/2890 2893/2893 2892/2892
f 2893/2893 2894/2894 2892/2892
f 2893/2893 2895/2895 2894/2894
f 2895/2895 2896/2896 2894/2894
f 2895/2895 2897/2897 2896/2896
f 2897/2897 2898/2898 2896/2896
f 2896/2896 2898/2898 2899/2899
f 2898/2898 2900/2900 2899/2899
f 2898/2898 2901/2901 2900/2900
f 2901/2901 2902/2902 2900/2900
f 2900/2900 2902/2902 2903/2903
f 2904/2904 2905/2905 2906/2906
f 2905/2905 2907/2907 2906/2906
f 2908/2908 2909/2909 2910/2910
f 2909/2909 2911/2911 2910/2910
f 2910/2910 2911/2911 2912/2912
f 2910/2910 2912/2912 2913/2913
f 2912/2912 2914/2914 2913/2913
f 2913/2913 2914/2914 2915/2915
f 2914/2914 2916/2916 2915/2915
f 2914/2914 2917/2917 2916/2916
f 2917/2917 2918/2918 2916/2916
f 2917/2917 2919/2919 2918/2918
f 2919/2919 2920/2920 2918/2918
f 2920/2920 2919/2919 2921/2921
f 2919/2919 2922/2922 2921/2921
f 2921/2921 2922/2922 2923/2923
f 2924/2924 2925/2925 2926/2926
f 2925/2925 2927/2927 2926/2926
f 2925/2925 2928/2928 2927/2927
f 2928/2928 2929/2929 2927/2927
f 2928/2928 2930/2930 2929/2929
f 2930/2930 2931/2931 2929/2929
f 2931/2931 2930/2930 2932/2932
f 2930/2930 2933/2933 2932/2932
f 2932/2932 2933/2933 2934/2934
f 2932/2932 2934/2934 2935/2935
f 2934/2934 2936/2936 2935/2935
f 2934/2934 2937/2937 2936/2936
f 2937/2937 2938/2938 2936/2936
f 2936/2936 2938/2938 2939/2939
f 2938/2938 2940/2940 2939/2939
f 2938/2938 2941/2941 2940/2940
f 2941/2941 2942/2942 2940/2940
f 2940/2940 2942/2942 2943/2943
f 2942/2942 2944/2944 2943/2943
f 2942/2942 2945/2945 2944/2944
f 2945/2945 2946/2946 2944/2944
f 2944/2944 2946/2946 2947/2947
f 2946/2946 2948/2948 2947/2947
f 2946/2946 2949/2949 2948/2948
f 2949/2949 2950/2950 2948/2948
f 2948/2948 2950/2950 2951/2951
f 2950/2950 2952/2952 2951/2951
f 2950/2950 2953/2953 2952/2952
f 2953/2953 2954/2954 2952/2952
f 2952/2952 2954/2954 2955/2955
f 2954/2954 2956/2956 2955/2955
f 2955/2955 2956/2956 2957/2957
f 2956/2956 2958/2958 2957/2957
f 2959/2959 2960/2960 2961/2961
f 2960/2960 2962/2962 2961/2961
f 2960/2960 2963/2963 2962/2962
f 2963/2963 2964/2964 2962/2962
f 2963/2963 2965/2965 2964/2964
f 2965/2965 2966/2966 2964/2964
f 2965/2965 2967/2967 2966/2966
f 2967/2967 2968/2968 2966/2966
f 2967/2967 2969/2969 2968/2968
f 2969/2969 2970/2970 2968/2968
f 2969/2969 2971/2971 2970/2970
f 2971/2971 2972/2972 2970/2970
f 2971/2971 2973/2973 2972/2972
f 2973/2973 2974/2974 2972/2972
f 2973/2973 2975/2975 2974/2974
f 2975/2975 2976/2976 2974/2974
f 2975/2975 2977/2977 2976/2976
f 2977/2977 2978/2978 2976/2976
f 2977/2977 2979/2979 2978/2978
f 2979/2979 2980/2980 2978/2978
f 2979/2979 2981/2981 2980/2980
f 2981/2981 2982/2982 2980/2980
f 2981/2981 2983/2983 2982/2982
f 2983/2983 2984/2984 2982/2982
f 2983/2983 2985/2985 2984/2984
f 2985/2985 2986/2986 2984/2984
f 2985/2985 2987/2987 2986/2986
f 2987/2987 2988/2988 2986/2986
f 2987/2987 2989/2989 2988/2988
f 2989/2989 2990/2990 2988/2988
f 2989/2989 2991/2991 2990/2990
f 2991/2991 2992/2992 2990/2990
f 2991/2991 2993/2993 2992/2992
f 2993/2993 2994/2994 2992/2992
f 2993/2993 2995/2995 2994/2994
f 2995/2995 2996/2996 2994/2994
f 2995/2995 2997/2997 2996/2996
f 2997/2997 2998/2998 2996/2996
f 2997/2997 2999/2999 2998/2998
f 2999/2999 3000/3000 2998/2998
f 2999/2999 3001/3001 3000/3000
f 3001/3001 3002/3002 3000/3000
f 3001/3001 3003/3003 3002/3002
f 3003/3003 3004/3004 3002/3002
f 3003/3003 3005/3005 3004/3004
f 3005/3005 3006/3006 3004/3004
f 3005/3005 3007/3007 3006/3006
f 3007/3007 3008/3008 3006/3006
f 3007/3007 3009/3009 3008/3008
f 3009/3009 3010/3010 3008/3008
f 3009/3009 3011/3011 3010/3010
f 3011/3011 3012/3012 3010/3010
f 3011/3011 3013/3013 3012/3012
f 3013/3013 3014/3014 3012/3012
f 3013/3013 3015/3015 3014/3014
f 3015/3015 3016/3016 3014/3014
f 3015/3015 3017/3017 3016/3016
f 3017/3017 3018/3018 3016/3016
f 3017/3017 3019/3019 3018/3018
f 3019/3019 3020/3020 3018/3018
f 3019/3019 3021/3021 3020/3020
f 3021/3021 3022/3022 3020/3020
f 3021/3021 3023/3023 3022/3022
f 3023/3023 3024/3024 3022/3022
f 3023/3023 3025/3025 3024/3024
f 3025/3025 3026/3026 3024/3024
f 3025/3025 3027/3027 3026/3026
f 3027/3027 3028/3028 3026/3026
f 3027/3027 3029/3029 3028/3028
f 3029/3029 3030/3030 3028/3028
f 3029/3029 3031/3031 3030/3030
f 3031/3031 3032/3032 3030/3030
f 3031/3031 3033/3033 3032/3032
f 3033/3033 3034/3034 3032/3032
f 3033/3033 3035/3035 3034/3034
f 3035/3035 3036/3036 3034/3034
f 3035/3035 3037/3037 3036/3036
f 3037/3037 3038/3038 3036/3036
f 3037/3037 3039/3039 3038/3038
f 3039/3039 3040/3040 3038/3038
f 3039/3039 3041/3041 3040/3040
f 3041/3041 3042/3042 3040/3040
f 3041/3041 3043/3043 3042/3042
f 3043/3043 3044/3044 3042/3042
f 3043/3043 3045/3045 3044/3044
f 3045/3045 3046/3046 3044/3044
f 3045/3045 3047/3047 3046/3046
f 3047/3047 3048/3048 3046/3046
f 3047/3047 3049/3049 3048/3048
f 3049/3049 3050/3050 3048/3048
f 3049/3049 3051/3051 3050/3050
f 3051/3051 3052/3052 3050/3050
f 930/930 932/932 3053/3053
f 932/932 3054/3054 3053/3053
f 3053/3053 3054/3054 2808/2808
f 3055/3055 3056/3056 3057/3057
f 3056/3056 3058/3058 3057/3057
f 3057/3057 3058/3058 3059/3059
f 3059/3059 3060/3060 3057/3057
f 3060/3060 3061/3061 3057/3057
f 3057/3057 3061/3061 3062/3062
f 3062/3062 3063/3063 3057/3057
f 3063/3063 3064/3064 3057/3057
f 3057/3057 3064/3064 3065/3065
f 3065/3065 3066/3066 3057/3057
f 3066/3066 3067/3067 3057/3057
f 3057/3057 3067/3067 3068/3068
f 3068/3068 3069/3069 3057/3057
f 3069/3069 3070/3070 3057/3057
f 3057/3057 3070/3070 3071/3071
f 3071/3071 3072/3072 3057/3057
f 3072/3072 3073/3073 3057/3057
f 3057/3057 3073/3073 3074/3074
f 3074/3074 3075/3075 3057/3057
f 3075/3075 3076/3076 3057/3057
f 3057/3057 3076/3076 3077/3077
f 3077/3077 3078/3078 3057/3057
f 3078/3078 3079/3079 3057/3057
f 3057/3057 3079/3079 3080/3080
f 3080/3080 3081/3081 3057/3057
f 3081/3081 3082/3082 3057/3057
f 3057/3057 3082/3082 3083/3083
f 3083/3083 3084/3084 3057/3057
f 3084/3084 3085/3085 3057/3057
f 3057/3057 3085/3085 3086/3086
f 3086/3086 3087/3087 3057/3057
f 3087/3087 3088/3088 3057/3057
f 3057/3057 3088/3088 3089/3089
f 3089/3089 3090/3090 3057/3057
f 3090/3090 3091/3091 3057/3057
f 3057/3057 3091/3091 3092/3092
f 3092/3092 3093/3093 3057/3057
f 3093/3093 3094/3094 3057/3057
f 3057/3057 3094/3094 3095/3095
f 3096/3096 3097/3097 3098/3098
f 3097/3097 3099/3099 3098/3098
f 3098/3098 3099/3099 3100/3100
f 3100/3100 3101/3101 3098/3098
f 3101/3101 3102/3102 3098/3098
f 3098/3098 3102/3102 3103/3103
f 3103/3103 3104/3104 3098/3098
f 3104/3104 3105/3105 3098/3098
f 3098/3098 3105/3105 3106/3106
f 3106/3106 3107/3107 3098/3098
f 3107/3107 3108/3108 3098/3098
f 3098/3098 3108/3108 3109/3109
f 3109/3109 3110/3110 3098/3098
f 3110/3110 3111/3111 3098/3098
f 3098/3098 3111/3111 3112/3112
f 3112/3112 3113/3113 3098/3098
f 3113/3113 3114/3114 3098/3098
f 3098/3098 3114/3114 3115/3115
f 3115/3115 3116/3116 3098/3098
f 3116/3116 3117/3117 3098/3098
f 3098/3098 3117/3117 3118/3118
f 3118/3118 3119/3119 3098/3098
f 3119/3119 3120/3120 3098/3098
f 3098/3098 3120/3120 3121/3121
f 3121/3121 3122/3122 3098/3098
f 3122/3122 3123/3123 3098/3098
f 3098/3098 3123/3123 3124/3124
f 3124/3124 3125/3125 3098/3098
f 3125/3125 3126/3126 3098/3098
f 3098/3098 3126/3126 3127/3127
f 3127/3127 3128/3128 3098/3098
f 3128/3128 3129/3129 3098/3098
f 3098/3098 3129/3129 3130/3130
f 3130/3130 3131/3131 3098/3098
f 3131/3131 3132/3132 3098/3098
f 3098/3098 3132/3132 3133/3133
f 3133/3133 3134/3134 3098/3098
f 3134/3134 3135/3135 3098/3098
f 3098/3098 3135/3135 3136/3136
f 3137/3137 3138/3138 3139/3139
f 3138/3138 3140/3140 3139/3139
f 3139/3139 3140/3140 3141/3141
f 3138/3138 3137/3137 3142/3142
f 3137/3137 3143/3143 3142/3142
f 3142/3142 3143/3143 3141/3141
f 3143/3143 3144/3144 3141/3141
f 3141/3141 3144/3144 3139/3139
f 3145/3145 3146/3146 3147/3147
f 3146/3146 3148/3148 3147/3147
f 3147/3147 3148/3148 3149/3149
f 3147/3147 3149/3149 3150/3150
f 3149/3149 3151/3151 3150/3150
f 3150/3150 3151/3151 3152/3152
f 3151/3151 3145/3145 3152/3152
f 2926/2926 3153/3153 2924/2924
f 2523/2523 3154/3154 3155/3155
f 2811/2811 3156/3156 2809/2809
f 2808/2808 2807/2807 3053/3053
f 1837/1837 1838/1838 2060/2060
f 3151/3151 3146/3146 3145/3145
f 2923/2923 3157/3157 2921/2921
f 926/926 3158/3158 928/928
f 1823/1823 3159/3159 1824/1824
f 2365/2365 2367/2367 2370/2370
f 2357/2357 3160/3160 2683/2683
f 2397/2397 3161/3161 2398/2398
f 2522/2522 3154/3154 2523/2523
f 2495/2495 3162/3162 2496/2496
f 1329/1329 3163/3163 1327/1327
f 1421/1421 3164/3164 1422/1422
f 1783/1783 3165/3165 1785/1785
f 1879/1879 3166/3166 1877/1877
f 3096/3096 3098/3098 3136/3136
f 3095/3095 3055/3055 3057/3057
f 963/963 959/959 958/958
f 764/764 760/760 762/762
f 952/952 3167/3167 951/951
f 954/954 957/957 956/956
f 1048/1048 3168/3168 1049/1049
f 2030/2030 3169/3169 2031/2031
f 2034/2034 3170/3170 2035/2035
f 2270/2270 3171/3171 2271/2271
f 2166/2166 2163/2163 2161/2161
f 2346/2346 2780/2780 2348/2348
# num_faces: 3366
